MDVP:Fo(Hz),MDVP:Fhi(Hz),MDVP:Flo(Hz),MDVP:Jitter(%),MDVP:Jitter(Abs),MDVP:RAP,MDVP:PPQ,Jitter:DDP,MDVP:Shimmer,MDVP:Shimmer(dB),Shimmer:APQ3,Shimmer:APQ5,MDVP:APQ,Shimmer:DDA,NHR,HNR,RPDE,DFA,spread1,spread2,D2,PPE
202.659,367.8343,102.9183,0.0027,0.0002,0.0173,0.016,0.057,0.0337,0.2912,0.0488,0.0177,0.0101,0.1129,0.2434,27.3127,0.5401,0.653,-6.1358,0.3634,2.5721,0.215
105.3391,290.2546,73.0113,0.0307,0.0002,0.0075,0.0076,0.0082,0.1163,0.2598,0.0207,0.0269,0.0783,0.0961,0.1039,13.8482,0.5057,0.6571,-4.4995,0.0665,2.3146,0.3406
90.5541,429.6409,149.7591,0.0037,0.0001,0.0061,0.0171,0.0287,0.1121,0.6061,0.0308,0.0776,0.048,0.0615,0.0922,12.824,0.5297,0.6624,-5.0425,0.3692,2.1591,0.2324
115.6688,256.6677,188.9825,0.0055,0.0001,0.0148,0.0035,0.0593,0.0387,0.7529,0.0195,0.0698,0.015,0.0779,0.0704,17.8609,0.3554,0.8123,-6.8123,0.2488,2.2379,0.5238
171.7278,343.4493,152.6015,0.0302,0.0001,0.0109,0.0084,0.045,0.0984,0.8329,0.0423,0.0273,0.0393,0.0742,0.245,25.0236,0.3092,0.7993,-4.3276,0.3329,2.8691,0.5034
116.4359,281.7376,96.195,0.0225,0.0002,0.0145,0.0053,0.0555,0.0837,0.449,0.0107,0.043,0.0575,0.1182,0.0296,24.68,0.3844,0.659,-6.2172,0.0642,1.7675,0.437
89.151,108.0773,94.5267,0.0261,0.0001,0.0042,0.0158,0.0112,0.0939,0.2575,0.0141,0.0276,0.102,0.0891,0.2911,11.2474,0.6684,0.6406,-3.6965,0.417,3.6664,0.1671
161.6942,568.7672,139.4434,0.022,0.0002,0.0079,0.0079,0.0079,0.0594,0.5869,0.0133,0.06,0.0768,0.0617,0.1248,9.9744,0.2921,0.7506,-2.9816,0.0939,2.1095,0.292
148.3936,229.2079,81.6368,0.0199,0.0002,0.0134,0.0154,0.0492,0.1085,0.5724,0.0445,0.0341,0.0875,0.0257,0.0173,17.0594,0.4527,0.7811,-4.4006,0.1154,3.1565,0.4769
208.7754,158.2597,146.9403,0.0089,0.0002,0.0094,0.0072,0.0566,0.0691,0.9574,0.0334,0.0078,0.0971,0.0862,0.2944,27.2912,0.5592,0.7554,-2.7951,0.113,2.0433,0.1008
207.5707,536.412,98.6711,0.02,0.0001,0.0196,0.0072,0.046,0.0416,1.0582,0.0347,0.0292,0.1028,0.058,0.1202,27.6809,0.6052,0.6289,-2.602,0.2198,2.4813,0.3508
109.0317,336.0005,116.0071,0.0154,0.0001,0.0208,0.0111,0.0044,0.0602,0.7189,0.0226,0.0332,0.1285,0.0904,0.1239,29.5566,0.3948,0.6686,-5.1326,0.1646,1.7735,0.3942
122.8529,261.0985,137.1821,0.0063,0.0,0.0122,0.0087,0.0561,0.0466,0.4007,0.0404,0.0429,0.1334,0.146,0.0771,20.5342,0.3536,0.7409,-2.624,0.2576,3.2249,0.1607
208.4605,384.972,95.4086,0.0107,0.0002,0.0148,0.0061,0.0209,0.0456,0.4472,0.027,0.0561,0.0276,0.0637,0.0601,23.5123,0.4549,0.6434,-6.7516,0.3416,1.909,0.4973
191.5666,110.4951,66.371,0.0202,0.0001,0.0104,0.0142,0.0486,0.0758,0.5711,0.0282,0.0093,0.0282,0.1528,0.2469,14.5252,0.6621,0.7202,-4.0215,0.4085,3.4487,0.3847
135.6543,482.0215,113.7535,0.0213,0.0001,0.0047,0.0025,0.0433,0.0878,0.4346,0.0318,0.0672,0.0358,0.1313,0.1114,29.722,0.439,0.5962,-2.8473,0.2738,3.6339,0.3386
197.027,318.8424,78.0985,0.0077,0.0002,0.0155,0.0079,0.009,0.0767,0.5251,0.0126,0.0564,0.0948,0.1059,0.0428,19.2397,0.5658,0.8185,-2.7281,0.2815,3.5783,0.2138
151.6819,433.4917,120.6613,0.0074,0.0002,0.0189,0.0024,0.0035,0.0689,1.0384,0.0564,0.0092,0.11,0.145,0.1526,17.6234,0.314,0.8022,-5.5673,0.381,1.9275,0.2115
104.3336,257.9471,190.7857,0.0107,0.0001,0.008,0.0119,0.0387,0.0288,0.5868,0.037,0.0077,0.0856,0.0907,0.1752,20.6323,0.6146,0.7655,-6.2321,0.2718,1.8082,0.2653
216.7819,478.2544,174.4412,0.0157,0.0003,0.0213,0.0151,0.0398,0.02,0.4795,0.0068,0.0599,0.1116,0.0767,0.0051,10.0036,0.5517,0.7477,-5.6742,0.2877,3.4006,0.3716
184.0563,495.0716,107.996,0.0298,0.0001,0.0208,0.0129,0.0241,0.0371,1.1977,0.0366,0.0259,0.0499,0.0392,0.2649,10.2427,0.3371,0.7887,-5.7679,0.1221,2.2465,0.5154
209.1785,219.0743,178.4826,0.0108,0.0001,0.0061,0.0161,0.037,0.021,1.056,0.0495,0.0459,0.0406,0.0296,0.3066,28.8159,0.5298,0.7559,-4.5786,0.1923,1.896,0.2548
122.4404,436.4949,198.6005,0.0244,0.0003,0.007,0.0029,0.0388,0.0934,0.6666,0.0131,0.0344,0.109,0.0834,0.2485,23.0106,0.5145,0.6144,-5.1147,0.3543,1.9207,0.3018
132.3616,130.9605,181.9703,0.0033,0.0001,0.0018,0.0193,0.0029,0.0302,0.3616,0.019,0.0106,0.0719,0.0917,0.0521,22.6102,0.651,0.6412,-3.6829,0.1387,2.6199,0.2366
218.2671,315.0765,179.4726,0.0254,0.0,0.0106,0.0195,0.0472,0.0764,0.5272,0.055,0.0582,0.0371,0.0509,0.1537,8.6913,0.6507,0.7067,-5.6494,0.3359,2.4661,0.3859
129.2813,441.9501,87.3772,0.0287,0.0,0.0108,0.0166,0.0046,0.1189,1.1335,0.0407,0.0465,0.0892,0.1461,0.2722,20.6025,0.6265,0.5752,-2.6377,0.1686,2.97,0.1788
92.6524,243.434,102.3861,0.0067,0.0002,0.0175,0.0159,0.0317,0.1098,1.2972,0.0412,0.0122,0.0465,0.0529,0.2296,18.352,0.3365,0.63,-4.2551,0.1377,2.9375,0.3153
211.6177,331.1533,107.6569,0.005,0.0002,0.0045,0.0172,0.0632,0.1143,0.6364,0.0139,0.0428,0.0952,0.1285,0.2759,28.6152,0.3179,0.7758,-5.1638,0.2738,2.7126,0.2438
93.6982,379.5691,133.1615,0.016,0.0001,0.0091,0.0106,0.0485,0.029,1.1729,0.0446,0.0104,0.0184,0.1501,0.3043,15.0086,0.4348,0.7781,-2.895,0.2825,1.9633,0.4646
168.5392,203.6546,142.5006,0.0031,0.0002,0.0104,0.0106,0.0434,0.0811,0.1462,0.0363,0.0104,0.1214,0.093,0.0287,23.1924,0.4774,0.7252,-6.1496,0.286,1.8002,0.1052
222.5191,318.5854,194.4016,0.0099,0.0001,0.0056,0.0071,0.0569,0.0582,1.063,0.006,0.0106,0.1084,0.0966,0.1627,9.612,0.6725,0.6494,-3.4805,0.0843,3.4521,0.437
110.1934,196.2227,104.3425,0.0206,0.0001,0.0116,0.0131,0.0024,0.0811,0.8582,0.0439,0.0725,0.1333,0.033,0.0533,13.9082,0.3888,0.8122,-6.335,0.393,2.0614,0.1688
208.3012,567.5327,174.4054,0.0077,0.0001,0.0009,0.0163,0.0292,0.1154,0.8997,0.0437,0.0641,0.0546,0.1026,0.0386,25.2882,0.6133,0.6813,-6.6296,0.2207,2.3381,0.4294
222.8795,446.2784,194.8665,0.0254,0.0001,0.0092,0.0092,0.0541,0.0607,0.41,0.0148,0.0535,0.0317,0.085,0.0106,12.8739,0.605,0.6254,-4.9747,0.4492,2.3444,0.3084
181.39,284.2619,161.3906,0.0103,0.0,0.0057,0.0082,0.0533,0.085,1.1666,0.0563,0.0714,0.1371,0.042,0.1039,10.7981,0.4467,0.5816,-3.1312,0.1355,3.2447,0.1582
217.5674,173.8075,195.7272,0.0195,0.0001,0.0143,0.0032,0.0332,0.0124,0.4102,0.0119,0.0106,0.0467,0.1495,0.2198,10.4356,0.5356,0.762,-7.105,0.156,2.3856,0.3403
123.4264,437.678,130.45,0.0318,0.0002,0.0149,0.0149,0.0437,0.0807,0.2416,0.0132,0.044,0.0827,0.1231,0.0521,8.5319,0.349,0.7069,-4.2429,0.1223,2.2004,0.3183
192.2,275.0941,164.9378,0.0097,0.0001,0.004,0.0033,0.0545,0.0478,0.6814,0.048,0.0528,0.0155,0.1195,0.0024,20.087,0.2758,0.579,-5.86,0.3847,2.0917,0.4143
177.197,363.7398,95.404,0.0148,0.0,0.017,0.0009,0.0091,0.1102,0.8586,0.0445,0.0456,0.1271,0.0831,0.2926,12.746,0.4338,0.6433,-5.647,0.321,2.765,0.2903
208.4324,202.0564,197.1413,0.0108,0.0002,0.0081,0.0075,0.0333,0.1186,0.515,0.0056,0.0121,0.0273,0.046,0.1548,20.548,0.6619,0.8242,-6.7208,0.4079,2.2902,0.5156
212.6044,407.0566,75.4851,0.0274,0.0002,0.0129,0.0148,0.0059,0.1072,1.1813,0.0178,0.068,0.0316,0.0441,0.2886,18.122,0.6473,0.7318,-5.8006,0.1269,2.5339,0.5187
133.5669,188.7146,131.037,0.0105,0.0001,0.0084,0.0035,0.0269,0.0886,1.1708,0.0291,0.0659,0.0598,0.0649,0.2673,9.875,0.6311,0.5834,-7.0317,0.3462,2.1322,0.1724
205.8471,578.9962,179.6244,0.0321,0.0002,0.0083,0.008,0.0494,0.1063,1.0055,0.0511,0.0231,0.132,0.091,0.0314,15.5845,0.6316,0.6571,-3.1104,0.146,3.0008,0.1385
137.6898,144.6729,96.3225,0.0107,0.0001,0.0163,0.0144,0.0181,0.0828,0.5751,0.0277,0.0682,0.1375,0.0233,0.0537,20.8973,0.5062,0.6564,-4.6052,0.0804,2.7781,0.2156
219.9189,241.8657,136.55,0.0197,0.0002,0.0022,0.0173,0.0409,0.0868,0.5739,0.0109,0.0185,0.0659,0.1606,0.2398,13.8921,0.2874,0.5952,-3.8981,0.2531,2.7084,0.2873
210.0068,432.7106,105.8664,0.0325,0.0001,0.0178,0.0157,0.0179,0.0368,0.8458,0.0083,0.0272,0.1282,0.0158,0.0366,9.4267,0.34,0.7045,-4.2336,0.1721,3.1617,0.2724
129.8235,129.1049,71.3023,0.0213,0.0002,0.0008,0.0193,0.0627,0.0493,0.1514,0.0461,0.0405,0.0188,0.0575,0.0202,16.5807,0.3753,0.8098,-4.5736,0.3289,2.9064,0.1587
128.7601,231.3359,124.303,0.019,0.0001,0.0198,0.0165,0.0061,0.0324,1.1471,0.0219,0.0707,0.0959,0.0843,0.0947,20.3392,0.5677,0.6906,-2.7018,0.4274,1.9516,0.1206
127.2508,163.7632,110.9297,0.0047,0.0001,0.0026,0.0082,0.0262,0.0203,0.6016,0.0143,0.0517,0.0299,0.1483,0.2027,27.4214,0.4095,0.6564,-6.3628,0.1194,1.8484,0.3925
129.7841,321.6902,190.1456,0.0199,0.0002,0.0161,0.0057,0.0125,0.0911,0.5108,0.0526,0.0184,0.0186,0.0563,0.2179,27.6825,0.3841,0.5984,-6.6065,0.1364,3.5809,0.2452
209.0855,576.277,120.2269,0.0293,0.0001,0.0053,0.0148,0.019,0.0886,0.5273,0.054,0.065,0.1191,0.1565,0.201,14.0586,0.505,0.7832,-6.3966,0.1831,2.5356,0.2813
130.9293,467.6328,74.3614,0.0058,0.0002,0.016,0.0125,0.0426,0.0673,0.9462,0.021,0.0238,0.1308,0.0356,0.2463,16.1772,0.4324,0.6726,-6.2107,0.3553,2.7249,0.2341
120.9679,309.0437,159.9908,0.0243,0.0002,0.009,0.0159,0.0045,0.0483,0.6154,0.034,0.0271,0.1259,0.0886,0.1527,12.3973,0.3041,0.6605,-5.4318,0.1051,3.3505,0.4452
220.0806,284.1233,189.5701,0.0081,0.0,0.0133,0.0067,0.0369,0.0676,0.8507,0.0459,0.0515,0.1327,0.0844,0.2854,26.2092,0.4922,0.6112,-6.9799,0.1562,1.7698,0.3216
196.1272,539.822,185.9077,0.024,0.0001,0.0064,0.0056,0.0398,0.0611,0.957,0.0461,0.0711,0.1305,0.0828,0.0871,9.6655,0.5705,0.5825,-2.6437,0.3777,2.7284,0.2793
89.0622,400.9122,109.9794,0.0114,0.0001,0.0032,0.0039,0.0605,0.1091,0.2005,0.0275,0.0605,0.0806,0.0477,0.0831,11.5867,0.3322,0.8043,-6.4419,0.337,2.4043,0.1671
185.4767,428.3142,122.5987,0.0045,0.0,0.0038,0.0164,0.062,0.1166,0.9467,0.0158,0.0445,0.0883,0.0754,0.1153,20.0199,0.5411,0.7114,-3.9251,0.2542,2.5718,0.2574
153.1614,466.3975,163.1009,0.0245,0.0001,0.0087,0.0068,0.0419,0.0922,0.1953,0.0083,0.0605,0.0823,0.0578,0.1586,13.2143,0.6513,0.6226,-4.5313,0.2436,2.4289,0.5135
172.7556,544.14,99.8657,0.0127,0.0,0.0159,0.0092,0.0362,0.109,1.1534,0.043,0.0328,0.0267,0.1395,0.0271,28.6059,0.341,0.7693,-3.7476,0.2327,3.5639,0.3693
184.078,367.2177,108.4175,0.0102,0.0002,0.0116,0.0146,0.0193,0.0387,0.6,0.0398,0.0399,0.069,0.158,0.1747,25.9053,0.4919,0.6041,-2.4949,0.2676,2.569,0.2822
158.8484,344.9387,81.9879,0.0302,0.0001,0.0011,0.0168,0.0279,0.0591,0.4556,0.056,0.0392,0.1175,0.082,0.244,13.1299,0.5541,0.7485,-6.0913,0.374,3.432,0.3824
216.7158,228.7243,131.1739,0.0269,0.0001,0.0155,0.0137,0.0642,0.0253,1.1478,0.0138,0.0584,0.0832,0.0848,0.0423,19.008,0.3965,0.7694,-7.0878,0.0813,1.8886,0.5156
170.1367,365.1189,99.182,0.0181,0.0002,0.0062,0.0118,0.0455,0.118,0.2691,0.025,0.0729,0.054,0.1236,0.1627,12.6523,0.3167,0.7204,-3.6817,0.0835,2.9157,0.1092
215.4906,325.8863,160.8607,0.0278,0.0001,0.0084,0.0194,0.0336,0.0207,1.2663,0.0075,0.0303,0.0374,0.026,0.1576,13.3342,0.3855,0.6659,-2.54,0.178,2.4254,0.1035
140.6816,494.3649,78.4315,0.0148,0.0001,0.0151,0.006,0.0357,0.1047,0.9565,0.0561,0.072,0.0308,0.1074,0.1935,10.3126,0.6747,0.6037,-3.5566,0.293,3.0581,0.3288
92.7253,509.3437,129.8784,0.0121,0.0002,0.0206,0.007,0.0576,0.0998,1.1986,0.048,0.018,0.1024,0.017,0.1154,20.1081,0.5303,0.678,-5.3704,0.2952,2.7755,0.4667
184.8968,211.5857,142.0262,0.0314,0.0,0.0091,0.0172,0.0556,0.0957,0.2207,0.0166,0.076,0.0573,0.163,0.133,23.4954,0.5319,0.7782,-2.8333,0.3237,2.666,0.286
198.3638,424.3326,185.8624,0.0224,0.0,0.0208,0.0102,0.0316,0.0328,1.0855,0.0447,0.0174,0.1317,0.0789,0.058,23.0797,0.2755,0.603,-2.9142,0.3037,3.6435,0.3828
94.2615,190.1839,134.184,0.0044,0.0001,0.0101,0.0133,0.0118,0.1178,0.9952,0.0192,0.0528,0.0379,0.1195,0.0621,27.8106,0.3454,0.8235,-5.1544,0.3927,3.1263,0.4327
136.6304,157.7736,117.7208,0.0106,0.0001,0.0144,0.0172,0.0393,0.1089,0.2778,0.0463,0.039,0.0111,0.0164,0.2068,24.666,0.2831,0.7437,-3.749,0.1667,2.7047,0.2357
162.8447,165.6221,100.6268,0.0172,0.0002,0.0096,0.0041,0.0046,0.0618,1.1576,0.0504,0.0418,0.0657,0.162,0.2915,16.9891,0.402,0.7348,-7.0516,0.2256,3.6276,0.0935
108.095,176.7184,182.4003,0.0313,0.0001,0.0065,0.0156,0.0225,0.0219,0.6563,0.0262,0.0617,0.1164,0.038,0.1257,17.4882,0.5576,0.6206,-4.0124,0.0981,2.1787,0.4975
199.6072,576.1722,104.0813,0.0293,0.0001,0.0169,0.0118,0.0264,0.0338,1.1937,0.0121,0.06,0.1123,0.1061,0.0594,27.2562,0.4897,0.6373,-6.0919,0.2809,2.332,0.3419
177.0583,368.4712,166.3832,0.0206,0.0001,0.011,0.0039,0.0395,0.1084,0.4677,0.0092,0.045,0.0615,0.0579,0.0734,24.6083,0.4643,0.7314,-5.9322,0.1374,3.1419,0.503
103.2379,218.337,82.7033,0.0224,0.0002,0.005,0.016,0.028,0.0157,0.6322,0.0227,0.0141,0.0847,0.0627,0.0618,27.5814,0.431,0.6472,-6.9741,0.2256,2.7905,0.099
111.0824,576.7547,193.9091,0.0157,0.0,0.0083,0.0065,0.0298,0.0618,0.1172,0.0469,0.0167,0.0696,0.0992,0.2136,16.2119,0.5353,0.6501,-5.485,0.3231,2.4307,0.2132
176.1384,372.9956,192.2059,0.0024,0.0001,0.0036,0.0041,0.0241,0.1042,0.9098,0.0296,0.0712,0.0499,0.0311,0.2168,18.5895,0.5027,0.724,-3.4882,0.3045,2.9457,0.4603
209.4804,202.8583,110.5428,0.0305,0.0002,0.0161,0.0141,0.035,0.0849,1.2993,0.0054,0.0387,0.1012,0.1685,0.291,21.0992,0.6357,0.6912,-2.5681,0.1743,3.2637,0.465
116.294,169.4656,178.2191,0.0187,0.0,0.0013,0.0148,0.0148,0.0919,0.919,0.0277,0.033,0.0641,0.0723,0.0867,21.4732,0.4952,0.7636,-5.3002,0.2212,3.1609,0.4121
126.7464,372.627,181.7556,0.0052,0.0003,0.0182,0.0068,0.0254,0.0487,1.2763,0.047,0.0059,0.0169,0.1008,0.1831,18.9499,0.4756,0.7856,-3.8312,0.2334,2.7791,0.1701
89.4589,529.8775,89.3271,0.0262,0.0002,0.0013,0.0066,0.0121,0.1075,0.5838,0.0297,0.0229,0.067,0.1112,0.305,9.2551,0.4125,0.7686,-5.3643,0.2413,2.9844,0.1297
103.0853,464.2669,67.7923,0.017,0.0001,0.0021,0.0091,0.0418,0.05,0.5022,0.0148,0.021,0.0241,0.1385,0.2467,22.9218,0.4417,0.8112,-3.0457,0.3515,2.9734,0.1763
126.729,195.3283,139.6211,0.0197,0.0002,0.0081,0.0073,0.0479,0.0827,0.539,0.0364,0.0151,0.056,0.1609,0.1587,27.1451,0.3026,0.5954,-7.0591,0.1044,2.3526,0.2091
173.9823,396.4839,126.8676,0.03,0.0002,0.0109,0.0112,0.0408,0.0813,0.4292,0.0107,0.0544,0.0097,0.0814,0.3023,21.2372,0.612,0.7375,-6.8949,0.084,1.8595,0.1199
134.9304,458.1725,173.4444,0.0235,0.0001,0.0184,0.0082,0.0036,0.0509,0.7683,0.0337,0.0511,0.1026,0.0557,0.1023,27.5777,0.6421,0.7993,-3.4597,0.3895,1.9088,0.479
112.7192,335.3824,119.7268,0.0032,0.0001,0.0062,0.0045,0.034,0.0498,0.4949,0.0186,0.0566,0.0312,0.1497,0.2806,21.2332,0.5079,0.6534,-3.8825,0.1395,2.6837,0.3146
91.2841,358.9425,78.4802,0.0239,0.0001,0.0163,0.0079,0.0643,0.0113,0.2634,0.0561,0.0487,0.0223,0.1072,0.1939,25.3499,0.5396,0.7079,-7.0178,0.26,2.3707,0.1388
99.8868,339.7765,86.6337,0.0151,0.0001,0.0102,0.0104,0.0442,0.1109,0.2718,0.0292,0.0605,0.0805,0.1646,0.1929,19.0189,0.569,0.804,-6.4806,0.1893,2.6211,0.3484
149.0717,577.9958,77.9745,0.029,0.0002,0.0027,0.0035,0.015,0.0467,1.1424,0.0445,0.0274,0.0193,0.1544,0.1475,16.0227,0.4023,0.6157,-5.6792,0.3062,2.8777,0.2309
114.4537,394.7927,102.3693,0.0178,0.0002,0.0032,0.0088,0.0421,0.0265,0.3692,0.0534,0.008,0.0224,0.1512,0.1537,29.6735,0.5955,0.7906,-5.3213,0.1697,3.191,0.2892
110.1768,409.1671,161.4286,0.0207,0.0001,0.0029,0.0016,0.0584,0.0781,1.1672,0.0175,0.0452,0.1048,0.0337,0.1364,13.6093,0.4387,0.5997,-3.3907,0.2731,2.2103,0.4283
122.1277,337.0482,118.1645,0.0292,0.0002,0.0186,0.0105,0.0633,0.0298,1.271,0.0219,0.0541,0.1235,0.1487,0.1187,16.4963,0.5877,0.7447,-3.527,0.3771,3.2955,0.4619
171.2668,435.2264,98.0611,0.0204,0.0,0.0008,0.0092,0.004,0.0127,1.1776,0.0303,0.0676,0.091,0.0758,0.0182,11.3807,0.6239,0.7783,-2.6174,0.1809,2.303,0.2467
147.4,340.1469,83.8728,0.0167,0.0,0.0067,0.0188,0.0035,0.0673,0.7823,0.0209,0.0428,0.0087,0.0989,0.2134,15.4153,0.281,0.5941,-2.6999,0.1009,3.2126,0.509
166.6039,281.3897,139.9342,0.0283,0.0002,0.0023,0.0061,0.0106,0.0431,0.5829,0.0181,0.0602,0.0571,0.1161,0.0948,24.4089,0.4752,0.8103,-5.9439,0.4222,2.5418,0.2173
138.2881,329.9231,166.6392,0.0305,0.0001,0.0031,0.0171,0.059,0.1009,0.8236,0.0533,0.0381,0.1175,0.0521,0.2893,28.6264,0.3178,0.5916,-5.9059,0.4498,3.431,0.3143
217.5823,358.3844,135.2128,0.0253,0.0,0.0182,0.0184,0.0526,0.1024,1.2272,0.0446,0.0568,0.108,0.0422,0.1495,9.3152,0.4688,0.6591,-3.5466,0.1464,1.8298,0.4898
218.0012,363.168,173.8081,0.0104,0.0002,0.0166,0.0099,0.0414,0.0158,0.4292,0.0515,0.0468,0.046,0.0463,0.22,20.9116,0.4816,0.6238,-6.6207,0.0764,2.9399,0.2352
127.3825,326.6207,79.434,0.0134,0.0001,0.0107,0.0048,0.0262,0.0753,0.2227,0.0355,0.032,0.0186,0.0896,0.162,12.0695,0.2991,0.8129,-6.2083,0.1256,3.3061,0.3181
89.6903,152.9266,182.5692,0.0037,0.0002,0.0109,0.0105,0.0572,0.0797,1.2929,0.0196,0.0716,0.1191,0.1266,0.1463,20.3148,0.2826,0.7285,-6.4512,0.4307,2.698,0.4457
143.1803,126.6344,192.9734,0.0308,0.0002,0.0163,0.0143,0.0078,0.0532,0.4752,0.016,0.0058,0.0935,0.1261,0.2174,22.3735,0.6259,0.7329,-5.5644,0.2761,3.1489,0.3774
134.2768,234.4866,136.6398,0.0165,0.0002,0.0181,0.0037,0.0511,0.0781,0.5327,0.0214,0.0652,0.1359,0.0867,0.1436,24.5902,0.6785,0.8149,-5.1858,0.0798,2.0433,0.151
207.49,371.5417,126.8647,0.019,0.0002,0.0019,0.0101,0.0187,0.1126,1.1817,0.0242,0.0165,0.0537,0.1422,0.1128,9.9349,0.559,0.6766,-3.208,0.2055,2.165,0.1774
105.1062,259.1368,114.3075,0.0274,0.0002,0.0143,0.0091,0.0551,0.0477,0.6055,0.0414,0.0395,0.066,0.148,0.3138,14.434,0.6633,0.5931,-3.2896,0.1971,2.4529,0.1246
107.9601,534.3712,113.7454,0.0124,0.0,0.0099,0.0033,0.0231,0.0828,0.7758,0.0406,0.0131,0.118,0.09,0.1782,15.0156,0.6473,0.8212,-4.8901,0.1878,2.2899,0.3091
192.1023,491.0136,65.7786,0.0268,0.0002,0.0032,0.0028,0.0365,0.0278,0.4437,0.0084,0.0509,0.1304,0.1579,0.0365,11.3545,0.5123,0.6135,-4.9031,0.0899,2.0932,0.4073
160.8904,411.7955,154.8715,0.0055,0.0002,0.0198,0.0102,0.0382,0.0691,0.5905,0.0119,0.066,0.0438,0.0688,0.1862,29.1515,0.5819,0.6459,-4.2635,0.0733,3.6142,0.4172
123.3863,407.8253,70.9173,0.0164,0.0002,0.0087,0.0012,0.0571,0.0138,0.3777,0.0292,0.0297,0.1047,0.0834,0.1055,15.6822,0.5704,0.6742,-5.9366,0.081,2.6365,0.3784
103.4789,335.4504,175.2591,0.0073,0.0002,0.014,0.0039,0.0169,0.0816,0.7569,0.0153,0.0533,0.1248,0.1543,0.0099,18.8785,0.4397,0.7981,-5.9646,0.209,2.1941,0.1316
174.9956,573.7232,192.7857,0.0131,0.0002,0.0036,0.0138,0.051,0.0771,0.7446,0.0082,0.0134,0.1376,0.088,0.0091,14.5534,0.3346,0.5768,-4.1094,0.2585,3.2182,0.1435
110.6294,559.8998,112.4622,0.021,0.0001,0.0139,0.0105,0.057,0.0463,0.6798,0.035,0.0363,0.0109,0.136,0.1695,17.2766,0.5365,0.6495,-3.8632,0.3924,2.2809,0.1709
119.2192,411.7886,89.7534,0.0173,0.0001,0.0063,0.011,0.0302,0.0608,1.1137,0.0533,0.0459,0.1326,0.1653,0.1355,18.6777,0.4012,0.7293,-3.1208,0.3403,2.47,0.1543
159.3427,269.5278,186.9048,0.0101,0.0001,0.0048,0.0067,0.0082,0.0441,0.9687,0.0113,0.0125,0.0504,0.1107,0.2201,17.1454,0.3565,0.7282,-4.589,0.1856,3.2744,0.1497
156.9503,387.3019,152.3014,0.0119,0.0,0.0015,0.0069,0.0309,0.0126,0.5872,0.0273,0.0213,0.0721,0.0455,0.0835,21.8737,0.2773,0.7857,-4.9819,0.1632,2.9688,0.4904
141.9381,414.4031,125.3813,0.021,0.0001,0.0101,0.0046,0.0248,0.1091,0.5578,0.0508,0.0344,0.1169,0.0141,0.299,24.1348,0.3894,0.6126,-6.6363,0.4047,2.0096,0.3764
164.8325,443.9983,73.1971,0.0204,0.0002,0.0149,0.0058,0.0487,0.0469,1.0815,0.0374,0.0458,0.1069,0.1083,0.1649,14.9002,0.3171,0.6522,-2.9906,0.1202,3.584,0.4955
174.7144,139.4317,141.926,0.0163,0.0,0.0138,0.0181,0.0445,0.117,0.1442,0.0303,0.007,0.0313,0.0449,0.1507,21.3967,0.3909,0.732,-4.1445,0.0734,2.5783,0.3373
202.687,190.2432,155.759,0.0172,0.0001,0.004,0.0078,0.0047,0.0449,0.9285,0.0245,0.0341,0.1233,0.0939,0.0387,17.1317,0.4215,0.7763,-3.4088,0.4115,2.7569,0.1255
164.472,572.2922,182.7546,0.0085,0.0,0.0084,0.0142,0.0528,0.0226,0.2184,0.0371,0.0277,0.0759,0.0648,0.2213,27.4582,0.3098,0.5962,-3.7259,0.3574,3.0787,0.3325
97.1366,162.2617,71.53,0.0095,0.0001,0.0076,0.0084,0.049,0.072,1.1151,0.0084,0.0126,0.1273,0.1004,0.1212,15.9483,0.5172,0.737,-3.3123,0.352,2.7805,0.433
201.7382,524.6114,157.8511,0.0123,0.0002,0.0076,0.0074,0.0195,0.1145,1.1199,0.0406,0.0488,0.1235,0.0812,0.1465,24.8108,0.5749,0.6064,-4.3634,0.2775,3.3376,0.2151
95.5172,369.886,146.3492,0.0272,0.0002,0.0057,0.0182,0.0278,0.0195,0.5076,0.0479,0.0775,0.0149,0.115,0.0191,10.4483,0.2865,0.7317,-5.1332,0.1754,1.7926,0.1585
160.375,569.808,123.7749,0.0221,0.0001,0.007,0.008,0.026,0.0321,0.5262,0.0356,0.0414,0.1013,0.0579,0.2379,10.514,0.6272,0.7522,-4.8337,0.4041,2.7901,0.1248
185.9737,139.3371,192.9531,0.0155,0.0001,0.0136,0.0095,0.0187,0.0811,0.4124,0.0091,0.0074,0.0274,0.0273,0.2028,17.1155,0.3831,0.5938,-6.8164,0.3001,1.966,0.2267
170.6375,337.6908,66.1802,0.0276,0.0001,0.0063,0.0131,0.006,0.019,0.7254,0.0489,0.0746,0.1135,0.0448,0.066,10.9447,0.4645,0.653,-3.8282,0.1902,3.5235,0.2505
106.4299,257.6688,106.2499,0.0054,0.0001,0.0172,0.0089,0.0249,0.0984,0.1517,0.0322,0.0484,0.0372,0.0141,0.2189,27.3579,0.5709,0.7917,-4.0771,0.1455,3.0024,0.1395
161.6869,302.3612,197.8755,0.0062,0.0001,0.0123,0.007,0.0202,0.038,0.9299,0.0539,0.0495,0.1135,0.1394,0.1942,18.0871,0.3487,0.5952,-5.7724,0.2601,2.2481,0.1739
137.8648,301.3417,186.1133,0.0245,0.0001,0.019,0.0061,0.0319,0.0973,0.6993,0.0231,0.011,0.0961,0.055,0.256,12.8037,0.3255,0.6206,-6.4219,0.091,2.5147,0.1046
185.4999,567.3888,186.7589,0.0254,0.0001,0.0082,0.0132,0.0117,0.0766,0.514,0.0058,0.0137,0.1293,0.1578,0.2469,18.0077,0.6573,0.6947,-2.9744,0.247,1.8679,0.2406
183.2958,297.2908,163.4073,0.0172,0.0002,0.0162,0.0188,0.0195,0.017,1.0312,0.011,0.0185,0.0759,0.0176,0.3108,24.496,0.6512,0.7357,-4.3316,0.1461,3.2987,0.1106
162.7568,502.0199,111.1879,0.026,0.0002,0.0019,0.0188,0.0458,0.0125,0.6793,0.0313,0.0136,0.0667,0.1648,0.1286,22.8135,0.4754,0.6318,-2.8441,0.3933,3.0195,0.1889
218.7763,325.68,93.8392,0.0078,0.0003,0.0194,0.0018,0.0228,0.0593,0.9861,0.0395,0.0476,0.0304,0.059,0.1023,28.9845,0.3171,0.6484,-5.1508,0.1454,2.9449,0.3825
199.3833,301.983,184.0517,0.0065,0.0001,0.0079,0.0084,0.047,0.0848,0.9502,0.0432,0.0693,0.1077,0.1632,0.1181,22.3092,0.4819,0.7626,-2.7122,0.1646,3.5773,0.3854
213.8381,266.6017,117.7098,0.0097,0.0001,0.0086,0.0194,0.0445,0.1036,0.729,0.0483,0.055,0.1235,0.1065,0.0612,21.3047,0.2714,0.6991,-6.1414,0.4102,3.654,0.1923
188.7955,259.5469,153.1411,0.0305,0.0001,0.0147,0.0047,0.0413,0.1008,0.6171,0.0057,0.0625,0.0339,0.0563,0.1789,21.2101,0.4904,0.6788,-5.6986,0.2034,2.8494,0.2511
134.5379,501.7103,173.5721,0.0241,0.0001,0.0017,0.0188,0.008,0.0906,0.1022,0.0261,0.0706,0.0197,0.0691,0.1458,22.779,0.3896,0.624,-2.7287,0.3279,2.4704,0.2104
156.7116,347.1826,90.7063,0.0234,0.0,0.0008,0.0079,0.055,0.011,0.1358,0.0117,0.0514,0.0259,0.0229,0.0906,17.83,0.3587,0.7545,-5.5632,0.3871,2.9145,0.1319
121.9237,580.5068,167.9814,0.0139,0.0002,0.0193,0.0124,0.0284,0.0205,0.7184,0.0548,0.0499,0.0282,0.1651,0.0465,26.0169,0.3353,0.7088,-5.5553,0.2394,3.6292,0.4971
140.7265,449.7231,124.8832,0.0171,0.0002,0.0189,0.0171,0.0406,0.0766,0.3703,0.0124,0.0279,0.1145,0.0928,0.2809,9.2635,0.5128,0.6218,-6.1789,0.2102,2.2645,0.2444
94.2398,459.4149,110.5001,0.0162,0.0001,0.0127,0.0167,0.0642,0.0387,0.5109,0.0228,0.0664,0.0939,0.0147,0.1182,10.8085,0.5962,0.7642,-4.9179,0.1243,2.2414,0.1893
110.4638,316.308,113.4822,0.0287,0.0002,0.004,0.0163,0.0361,0.0814,0.9943,0.0545,0.0112,0.0201,0.0297,0.2641,20.93,0.5222,0.6619,-7.0852,0.1055,1.9462,0.3333
170.6388,429.4722,85.7038,0.028,0.0002,0.0034,0.0187,0.0434,0.0217,1.178,0.0471,0.0717,0.0502,0.0349,0.0066,18.4917,0.5698,0.6263,-6.186,0.3364,2.281,0.2797
184.2579,173.5282,167.9233,0.0287,0.0001,0.0185,0.007,0.0593,0.0267,1.2063,0.0324,0.0601,0.0335,0.0925,0.1571,10.6641,0.4523,0.819,-6.3919,0.1613,2.3748,0.171
191.3408,203.5032,87.3662,0.0326,0.0001,0.0042,0.0184,0.0309,0.0134,1.2201,0.0478,0.0626,0.102,0.0836,0.3095,15.5732,0.3972,0.8036,-6.1837,0.345,3.2196,0.1732
129.8134,314.6174,90.911,0.0205,0.0001,0.0207,0.0073,0.0453,0.1164,0.8986,0.0186,0.0275,0.0698,0.0589,0.1137,12.1527,0.4398,0.7972,-4.5202,0.1705,2.7119,0.1503
216.0179,425.7407,137.3647,0.0124,0.0001,0.018,0.0014,0.0152,0.0289,0.7989,0.0249,0.0125,0.0998,0.0842,0.1092,18.5628,0.5907,0.6937,-5.5885,0.3633,3.6634,0.2866
160.8858,246.2431,91.6105,0.018,0.0001,0.0144,0.018,0.0154,0.1046,1.1619,0.0484,0.0098,0.0111,0.1485,0.1759,18.3695,0.4781,0.7917,-5.3201,0.4338,2.3255,0.3031
151.6033,189.9889,178.6913,0.0106,0.0001,0.0139,0.0027,0.0549,0.0606,0.4809,0.0401,0.0593,0.1213,0.1625,0.2181,17.1465,0.6241,0.7739,-5.0036,0.3767,2.6231,0.2067
210.7522,557.4798,151.6527,0.0058,0.0003,0.0138,0.0013,0.0265,0.0142,0.6262,0.021,0.0525,0.0923,0.0367,0.1804,12.1289,0.3236,0.643,-5.3229,0.2201,2.4658,0.5174
151.596,265.3993,98.4545,0.0266,0.0002,0.0038,0.0049,0.0242,0.1056,0.5708,0.0504,0.0753,0.1307,0.0454,0.2651,27.8034,0.5471,0.758,-4.8332,0.4143,3.5117,0.2116
93.9337,194.3434,154.2154,0.0307,0.0002,0.0132,0.0048,0.013,0.0637,0.2278,0.0162,0.0651,0.046,0.0887,0.1448,27.8126,0.6657,0.7963,-3.8159,0.1738,2.303,0.2794
128.0236,232.7276,159.0454,0.0254,0.0002,0.0054,0.0081,0.0562,0.0575,0.7124,0.0531,0.0713,0.1223,0.0926,0.101,18.8956,0.6109,0.6954,-3.2446,0.2173,2.2757,0.3981
215.9434,518.3422,84.7696,0.0215,0.0,0.0102,0.0138,0.0513,0.0518,1.1975,0.0079,0.0738,0.0315,0.0648,0.0052,20.9909,0.3184,0.7362,-3.4473,0.2865,2.7838,0.3598
188.7891,516.623,137.509,0.0229,0.0001,0.0092,0.0114,0.0403,0.0827,0.9478,0.037,0.0239,0.0827,0.1013,0.1003,15.7305,0.5206,0.7175,-5.1326,0.3743,2.7951,0.4502
161.0894,582.2866,82.3745,0.0172,0.0001,0.0062,0.0131,0.0065,0.0299,0.6008,0.0466,0.0118,0.057,0.1497,0.2768,18.3097,0.5297,0.6521,-3.1566,0.3652,3.4646,0.2225
153.8712,576.7118,176.2911,0.0114,0.0002,0.004,0.0169,0.0426,0.0836,0.9195,0.0184,0.0446,0.1361,0.1349,0.1417,9.9515,0.432,0.6967,-6.9395,0.2522,2.6231,0.2829
103.112,240.2071,91.5466,0.0029,0.0002,0.0199,0.002,0.0133,0.0404,0.3827,0.033,0.0551,0.0861,0.1361,0.2566,24.05,0.6522,0.7464,-5.9322,0.3882,3.0017,0.249
93.0179,272.5878,108.0185,0.0079,0.0001,0.0164,0.0175,0.0312,0.0921,1.1177,0.0107,0.0209,0.0998,0.1,0.0823,25.6688,0.6388,0.8093,-4.9663,0.2237,2.1294,0.3694
174.5208,541.1024,79.648,0.0123,0.0002,0.0034,0.0018,0.0223,0.0574,0.3565,0.0426,0.0521,0.1237,0.0664,0.2291,20.1303,0.4499,0.6025,-5.6854,0.308,2.8843,0.468
167.5732,555.9235,111.8131,0.0138,0.0001,0.0209,0.0133,0.0539,0.0563,0.2044,0.0402,0.0422,0.0541,0.084,0.2359,12.7755,0.3217,0.6105,-6.8128,0.2901,2.2558,0.1262
115.0723,157.3795,94.2148,0.0072,0.0002,0.0113,0.0012,0.0641,0.0401,1.1406,0.0427,0.0601,0.0236,0.1227,0.2533,23.1857,0.3664,0.7782,-4.092,0.117,2.215,0.2737
153.5061,273.9119,197.6658,0.0309,0.0002,0.0111,0.0119,0.019,0.0843,0.6644,0.0112,0.0124,0.0739,0.1428,0.1607,19.5299,0.27,0.7717,-3.2862,0.2712,3.1476,0.1382
186.073,470.7632,114.6779,0.0191,0.0001,0.0037,0.0117,0.0588,0.0509,1.0306,0.0462,0.0267,0.0697,0.1275,0.0273,25.9629,0.4838,0.7385,-6.3596,0.4436,2.6972,0.4687
135.1816,368.2187,168.7633,0.0202,0.0002,0.0112,0.0147,0.0253,0.0978,1.0814,0.0382,0.0602,0.0116,0.0452,0.1157,17.2112,0.5345,0.7427,-7.0747,0.1073,1.7742,0.2583
120.1687,231.597,84.0928,0.0227,0.0002,0.0013,0.0013,0.0331,0.0621,0.319,0.0115,0.0415,0.0821,0.1604,0.1474,11.796,0.3747,0.6927,-6.5885,0.0648,3.5614,0.4215
99.0357,111.5384,148.0246,0.0279,0.0002,0.0022,0.0126,0.0144,0.0698,1.0898,0.0407,0.0322,0.0334,0.1455,0.1968,10.8969,0.3492,0.769,-3.5914,0.4122,1.9319,0.1587
166.65,485.378,156.6287,0.0022,0.0002,0.0196,0.0167,0.0622,0.0762,0.9804,0.0335,0.0238,0.117,0.105,0.2697,23.0504,0.5251,0.6546,-3.9133,0.1894,2.3647,0.1714
104.0106,520.9901,193.939,0.0148,0.0001,0.0187,0.0084,0.0618,0.0923,0.3805,0.0528,0.0751,0.0144,0.0653,0.0869,17.1468,0.5159,0.6311,-5.2083,0.0835,3.6691,0.4285
108.0908,442.6707,91.7242,0.0209,0.0001,0.0154,0.0027,0.0296,0.0748,0.2016,0.0155,0.0057,0.113,0.0984,0.2501,29.3193,0.3224,0.8161,-3.0189,0.204,3.3365,0.5153
162.3917,385.0201,102.9674,0.0272,0.0002,0.0121,0.0152,0.0351,0.0585,1.265,0.0493,0.0515,0.075,0.1315,0.1736,14.7378,0.6623,0.7487,-4.0472,0.1326,3.5832,0.3506
131.4474,255.397,143.0362,0.0252,0.0001,0.0103,0.0117,0.0224,0.1074,0.3765,0.0491,0.043,0.0168,0.0687,0.2511,11.2323,0.3391,0.5796,-3.3733,0.1551,2.5924,0.2182
97.6835,181.1536,180.4364,0.0175,0.0001,0.0111,0.0029,0.0346,0.0427,0.8231,0.0317,0.0393,0.0656,0.0216,0.0554,12.5523,0.4197,0.679,-4.4335,0.1973,3.6636,0.1653
205.4557,314.7381,80.1397,0.0031,0.0002,0.0201,0.0055,0.0409,0.0939,0.2514,0.0456,0.0464,0.1079,0.0646,0.0842,16.0614,0.655,0.6399,-6.9779,0.0964,3.5448,0.2152
202.2356,557.8633,182.9795,0.0321,0.0002,0.0164,0.0159,0.0402,0.0166,0.6771,0.0393,0.0216,0.079,0.136,0.2802,23.0014,0.6836,0.7306,-4.9673,0.125,1.7981,0.4507
115.0087,579.8549,115.0848,0.0189,0.0001,0.0082,0.0122,0.0166,0.0614,1.1099,0.0128,0.0135,0.101,0.0722,0.3132,18.0635,0.3211,0.7935,-4.9848,0.2421,1.9772,0.4767
210.2699,523.9268,109.5276,0.0291,0.0002,0.0184,0.002,0.0279,0.0416,0.8678,0.0052,0.0469,0.0779,0.1539,0.2324,23.1421,0.3971,0.8088,-4.048,0.2037,2.7215,0.3561
132.0672,132.2663,143.994,0.0164,0.0,0.0064,0.0102,0.0445,0.0904,1.2313,0.0243,0.059,0.0836,0.0597,0.1189,28.7875,0.5814,0.5946,-6.4232,0.4036,2.5979,0.4473
172.1063,484.4552,107.475,0.0319,0.0002,0.0161,0.0095,0.0355,0.0194,0.8434,0.0304,0.0465,0.057,0.0635,0.0542,22.3765,0.554,0.6956,-3.4277,0.1802,3.2651,0.4433
157.9037,321.2791,163.9889,0.0063,0.0001,0.0013,0.0169,0.0443,0.0415,0.9046,0.0516,0.0247,0.057,0.0664,0.2232,21.0101,0.3423,0.8193,-2.6439,0.0788,2.2837,0.2516
221.8031,412.0163,107.5435,0.0249,0.0001,0.0154,0.0102,0.0304,0.0756,1.0198,0.0517,0.041,0.0695,0.1337,0.017,29.64,0.6029,0.6958,-5.7702,0.1808,2.1155,0.179
187.1554,317.0765,121.58,0.026,0.0001,0.0175,0.0127,0.0537,0.1057,0.1583,0.0502,0.032,0.0577,0.0386,0.3011,22.8239,0.4719,0.765,-4.2664,0.2138,3.5375,0.3644
125.4764,161.3435,67.6764,0.0135,0.0002,0.0046,0.0172,0.052,0.0762,0.8305,0.0404,0.0632,0.0966,0.0224,0.0571,23.5964,0.6832,0.7534,-6.8588,0.0934,2.1075,0.1368
128.302,521.8975,98.3182,0.0054,0.0,0.0121,0.0139,0.025,0.0604,0.5322,0.0324,0.0512,0.1213,0.0748,0.0635,9.5826,0.5528,0.6335,-2.9296,0.2461,3.1274,0.1146
162.0888,450.3909,188.6411,0.0219,0.0,0.0036,0.0014,0.0358,0.0747,0.4614,0.0483,0.0413,0.0548,0.132,0.0987,28.8317,0.6028,0.597,-5.7519,0.2042,1.8289,0.3047
223.0713,308.3882,154.7712,0.0136,0.0001,0.0154,0.0131,0.0482,0.0207,1.0331,0.0389,0.0743,0.0379,0.0867,0.2069,27.3051,0.3523,0.6888,-3.7509,0.2972,2.1303,0.4849
197.5168,515.2289,155.9554,0.0278,0.0001,0.0077,0.0024,0.049,0.0913,0.5895,0.0267,0.0754,0.0868,0.1166,0.0661,24.2195,0.5062,0.8181,-3.0115,0.2242,2.6163,0.2755
144.0495,220.4289,115.6494,0.0072,0.0001,0.0171,0.0072,0.0395,0.0939,1.1278,0.0115,0.0555,0.0897,0.1438,0.1665,26.853,0.4373,0.7498,-3.6989,0.2939,2.0863,0.2073
222.1015,401.9948,101.1391,0.0185,0.0001,0.0021,0.0186,0.0276,0.0197,0.5858,0.0278,0.009,0.0429,0.028,0.1265,24.6504,0.466,0.6356,-6.9856,0.3044,2.7945,0.2132
175.2306,466.9919,118.3998,0.0034,0.0002,0.0195,0.0098,0.0417,0.0209,0.673,0.0507,0.008,0.0781,0.0953,0.0795,11.4566,0.486,0.6818,-5.2229,0.3501,2.9436,0.3083
97.0727,543.554,133.9794,0.0022,0.0001,0.0153,0.0179,0.0202,0.0842,0.2758,0.0202,0.076,0.0105,0.1588,0.1269,19.4781,0.3803,0.7714,-4.1671,0.121,2.4748,0.2065
93.2689,118.3622,155.7498,0.0247,0.0002,0.0013,0.0154,0.0414,0.0513,0.7511,0.0069,0.046,0.1346,0.1524,0.2141,24.9157,0.5372,0.6009,-6.0899,0.1076,3.1803,0.4726
219.5921,456.6131,74.6224,0.0055,0.0,0.002,0.0144,0.0273,0.0793,0.9261,0.043,0.0341,0.0305,0.15,0.1709,23.0612,0.3428,0.59,-2.7317,0.3565,3.459,0.4247
91.372,343.1866,185.7425,0.0147,0.0001,0.0161,0.0112,0.005,0.0969,0.2526,0.0421,0.026,0.1041,0.0363,0.27,25.3349,0.6327,0.8109,-6.8762,0.0936,3.6625,0.1607
164.9166,556.6905,104.1025,0.0132,0.0002,0.0142,0.0013,0.042,0.0258,0.9064,0.0171,0.0088,0.023,0.0711,0.0633,11.6065,0.5111,0.6906,-3.4603,0.3651,1.9777,0.4601
188.7721,341.3683,184.0827,0.0167,0.0002,0.0111,0.0026,0.0357,0.0977,0.3004,0.0263,0.0706,0.1267,0.0778,0.1653,16.3486,0.564,0.7464,-4.2632,0.3582,1.9888,0.4596
177.7612,472.7573,198.7153,0.0119,0.0002,0.0212,0.0017,0.0312,0.0721,0.3207,0.0139,0.0581,0.0275,0.0529,0.077,23.6509,0.6078,0.6831,-5.7665,0.3859,3.0269,0.3657
93.8195,174.6168,95.7235,0.0186,0.0002,0.0181,0.0186,0.0631,0.0641,1.1204,0.0304,0.0507,0.105,0.0541,0.1614,10.2523,0.6424,0.8212,-4.1836,0.0756,2.1544,0.203
111.7503,446.4053,163.8562,0.02,0.0,0.0112,0.0049,0.0118,0.0714,0.1998,0.0432,0.0629,0.0857,0.0389,0.1568,23.064,0.6819,0.8213,-5.6393,0.2589,3.39,0.4636
157.7438,146.1635,76.0389,0.0291,0.0001,0.0073,0.0015,0.0242,0.0582,0.9461,0.019,0.0313,0.1162,0.0627,0.1159,22.2414,0.4497,0.6381,-2.4534,0.314,3.1191,0.1071
207.7992,224.91,118.3365,0.0275,0.0001,0.0138,0.0111,0.0243,0.0843,0.1918,0.005,0.048,0.1137,0.0894,0.1147,28.4949,0.6682,0.6757,-3.1137,0.2203,2.9575,0.4137
205.0858,118.3457,154.0961,0.0246,0.0002,0.008,0.0052,0.0358,0.0819,0.4,0.0238,0.0376,0.028,0.1585,0.284,13.2252,0.5537,0.8208,-6.2011,0.19,3.3925,0.3185
140.8262,209.1572,104.1573,0.0125,0.0002,0.0156,0.0104,0.0128,0.0682,0.1457,0.0517,0.0379,0.1025,0.125,0.1898,9.3538,0.6416,0.7506,-6.6555,0.3517,3.3418,0.4113
190.9776,281.3807,130.2748,0.0143,0.0002,0.02,0.0067,0.0245,0.035,1.0538,0.0518,0.055,0.0642,0.0958,0.2922,24.4165,0.4942,0.7855,-6.206,0.1155,3.5694,0.429
207.1639,546.0872,74.363,0.0318,0.0002,0.0035,0.0192,0.0101,0.1044,0.2315,0.0154,0.0327,0.0439,0.1554,0.0519,10.8843,0.6715,0.7313,-6.6242,0.3559,3.6038,0.4109
158.9502,586.5946,196.9315,0.0177,0.0002,0.0058,0.0178,0.011,0.0946,0.7596,0.045,0.0734,0.1005,0.1551,0.1977,10.0303,0.6684,0.6749,-6.5539,0.4075,2.1717,0.192
129.8352,345.3267,159.9236,0.0204,0.0002,0.0091,0.0145,0.0047,0.099,0.2791,0.0087,0.0239,0.0905,0.1078,0.1543,18.4348,0.6157,0.6771,-6.5807,0.4287,3.4084,0.4949
111.7349,510.8448,103.6774,0.0288,0.0001,0.0184,0.0166,0.0625,0.0497,1.0584,0.0307,0.042,0.1318,0.1268,0.2899,17.1513,0.29,0.6377,-5.5782,0.4191,2.407,0.2702
91.6928,204.9344,140.299,0.0039,0.0001,0.0012,0.0084,0.0554,0.0512,0.7025,0.0069,0.0382,0.0962,0.0528,0.0629,10.5789,0.6423,0.7534,-2.5098,0.3695,1.9001,0.4368
89.7773,145.5424,95.4731,0.0163,0.0003,0.0126,0.0183,0.0487,0.1025,0.4686,0.0317,0.0212,0.0755,0.0266,0.1763,9.4185,0.4292,0.6842,-2.5878,0.2106,1.822,0.3489
126.3116,292.761,99.1403,0.0142,0.0001,0.0035,0.015,0.0042,0.1101,1.0977,0.0303,0.0085,0.0921,0.0887,0.1222,10.0971,0.6612,0.7397,-5.1361,0.2725,2.1245,0.186
157.328,253.1108,186.078,0.0237,0.0,0.0179,0.0059,0.0345,0.1189,0.2152,0.0161,0.0179,0.023,0.0691,0.2745,13.9068,0.2922,0.7194,-6.2241,0.088,2.1013,0.0954
116.8197,322.4663,88.9571,0.0308,0.0002,0.0043,0.0081,0.0535,0.0366,0.1296,0.0406,0.0673,0.0546,0.0587,0.3055,8.7636,0.5305,0.7978,-3.6582,0.4065,2.2911,0.3259
111.3393,505.2482,119.8191,0.0193,0.0001,0.0077,0.0015,0.0279,0.0553,0.1141,0.0184,0.0765,0.1252,0.0836,0.2696,19.9525,0.5378,0.7508,-3.8471,0.3568,2.5881,0.4442
213.2098,587.4908,125.5355,0.0256,0.0002,0.0177,0.0156,0.0413,0.0337,0.5734,0.0546,0.0618,0.0133,0.1039,0.2631,18.3237,0.5746,0.8175,-6.3228,0.2767,2.068,0.5085
211.9687,567.1182,184.4796,0.033,0.0002,0.0023,0.0094,0.0047,0.0647,0.4296,0.015,0.0119,0.0586,0.0654,0.1872,9.6902,0.2988,0.6881,-5.7765,0.1639,2.3794,0.3667
153.6642,204.2921,118.9586,0.0059,0.0001,0.0037,0.0193,0.0206,0.0133,1.1929,0.0259,0.0717,0.1354,0.0819,0.1718,15.9986,0.324,0.7012,-2.8588,0.3836,3.3639,0.2793
201.244,202.8859,110.7841,0.0065,0.0001,0.0068,0.018,0.0124,0.0725,1.0007,0.0551,0.0137,0.0172,0.0529,0.2044,22.4962,0.6163,0.6395,-6.5506,0.2542,2.8901,0.5264
217.3372,130.146,192.2397,0.0099,0.0,0.0096,0.0058,0.0525,0.0557,0.5551,0.0459,0.031,0.0191,0.0845,0.213,8.8701,0.4568,0.5771,-2.966,0.2888,3.1943,0.1568
101.0501,200.66,186.809,0.0213,0.0002,0.0144,0.0107,0.0299,0.0152,1.1249,0.017,0.0071,0.0741,0.1471,0.2222,22.8226,0.4212,0.604,-6.4518,0.1815,2.9193,0.1028
106.1816,120.181,99.2171,0.0063,0.0001,0.0087,0.0155,0.004,0.0915,0.2075,0.0314,0.0313,0.0911,0.0368,0.0632,10.8331,0.4792,0.6338,-2.6659,0.2243,2.0113,0.2963
215.7166,486.7729,144.0082,0.0295,0.0002,0.0193,0.0103,0.0143,0.0415,0.3099,0.022,0.0763,0.0492,0.0446,0.2442,20.2023,0.5726,0.6821,-5.7478,0.2155,3.2997,0.4883
105.0347,369.0052,85.9756,0.0107,0.0,0.0128,0.005,0.046,0.0479,0.3635,0.0178,0.0555,0.053,0.0895,0.2095,14.6474,0.2721,0.6394,-2.6274,0.3689,2.0793,0.3015
192.7318,214.4831,190.1247,0.0058,0.0002,0.0122,0.008,0.0152,0.0508,1.2232,0.0328,0.0382,0.1078,0.0753,0.0269,9.8434,0.5866,0.7714,-5.0289,0.2735,3.5546,0.4804
128.9068,159.4526,100.9542,0.0108,0.0,0.0196,0.0153,0.063,0.0977,0.7351,0.0328,0.0719,0.0653,0.1422,0.2686,22.0583,0.6482,0.6036,-5.5705,0.2001,1.924,0.364
106.4845,390.2805,95.9723,0.027,0.0002,0.0126,0.0172,0.061,0.0224,1.1489,0.0563,0.0508,0.0955,0.0356,0.0812,26.4141,0.453,0.7491,-2.5751,0.1946,3.2794,0.2882
118.8254,373.4813,68.4248,0.0117,0.0001,0.0141,0.0127,0.0031,0.1044,0.9867,0.0198,0.0187,0.052,0.0619,0.2435,23.9581,0.6847,0.7551,-6.7823,0.2291,2.751,0.4275
188.3185,527.3271,191.655,0.031,0.0001,0.0013,0.0183,0.0374,0.059,0.3862,0.0247,0.0536,0.0591,0.0759,0.0868,21.0116,0.3607,0.8036,-4.8965,0.1297,1.8159,0.1139
122.8956,364.8322,85.5624,0.0194,0.0001,0.0135,0.0194,0.06,0.1023,1.0731,0.0048,0.0071,0.0272,0.1679,0.2602,11.8029,0.5543,0.6717,-4.2811,0.4288,2.9166,0.5044
184.7542,409.3185,108.0222,0.022,0.0001,0.0142,0.0157,0.0463,0.0306,0.1346,0.014,0.0316,0.132,0.1578,0.0113,24.0388,0.6821,0.5849,-6.2894,0.3332,3.6572,0.2116
124.0485,462.4992,73.0762,0.0258,0.0001,0.0128,0.0174,0.0391,0.0757,1.2754,0.0516,0.0715,0.0788,0.0984,0.2784,14.4572,0.5534,0.6353,-5.1167,0.1943,2.312,0.4295
117.9114,343.0706,134.6283,0.0267,0.0001,0.011,0.0011,0.0481,0.0171,0.9544,0.0431,0.0621,0.1063,0.0222,0.2117,24.0193,0.4216,0.7339,-6.7677,0.0844,2.8374,0.5082
153.9095,541.6903,84.2846,0.0196,0.0001,0.0149,0.0124,0.027,0.0451,1.1138,0.0561,0.0715,0.1311,0.0697,0.172,26.6426,0.4654,0.8242,-4.9439,0.4415,2.2743,0.4816
150.2602,396.3259,170.9934,0.0212,0.0001,0.0142,0.0183,0.0384,0.1124,1.2825,0.0311,0.0473,0.0137,0.0529,0.054,20.1861,0.5239,0.7571,-6.075,0.1409,1.8771,0.4735
89.5701,479.211,77.2372,0.0109,0.0002,0.0209,0.0161,0.007,0.1058,0.4757,0.0421,0.0238,0.046,0.1285,0.1361,23.5946,0.4909,0.7235,-5.2384,0.4472,2.5675,0.2361
192.5275,114.0865,100.9334,0.0117,0.0001,0.0169,0.013,0.0574,0.0588,1.0408,0.0398,0.0281,0.0763,0.0345,0.0346,25.5915,0.3411,0.7408,-5.7345,0.3683,2.5465,0.233
97.4731,274.1407,158.5984,0.0319,0.0001,0.0078,0.0069,0.016,0.0431,1.2757,0.0075,0.0314,0.0454,0.0455,0.1279,22.3139,0.4843,0.6131,-5.9009,0.3283,2.7538,0.259
100.4142,248.0129,114.1215,0.0306,0.0001,0.0133,0.0103,0.0072,0.0428,0.8897,0.0461,0.0349,0.1278,0.0782,0.27,27.3491,0.6139,0.7233,-5.0757,0.1449,3.0494,0.2223
128.8636,505.2802,104.8201,0.0026,0.0002,0.0052,0.0132,0.0066,0.017,0.3334,0.0216,0.0766,0.1068,0.1339,0.1321,26.9917,0.5563,0.7173,-4.3009,0.3871,2.1029,0.4063
215.3156,406.8516,70.4713,0.015,0.0001,0.0175,0.0131,0.0176,0.0984,1.1932,0.0489,0.0575,0.1105,0.1095,0.3075,18.6471,0.5357,0.6446,-6.7303,0.2599,3.275,0.401
144.1765,309.2293,169.6482,0.0201,0.0002,0.0016,0.0147,0.0476,0.1158,1.1962,0.0531,0.0504,0.1296,0.0375,0.1367,29.7496,0.4292,0.7359,-5.4972,0.1868,2.3275,0.4071
209.3456,157.2905,188.5583,0.0092,0.0002,0.0184,0.0058,0.0451,0.0149,0.2702,0.0074,0.0384,0.0923,0.0284,0.0939,9.941,0.328,0.8004,-4.0531,0.2164,3.0052,0.1359
155.7717,244.7124,148.6035,0.0083,0.0002,0.0025,0.0194,0.0452,0.0489,1.2533,0.0518,0.0373,0.0545,0.0376,0.1463,18.5543,0.2794,0.6344,-2.5474,0.2936,1.8939,0.4321
105.4744,366.4622,150.9816,0.0276,0.0001,0.0055,0.0192,0.0093,0.0908,1.0461,0.055,0.0259,0.029,0.0185,0.0565,10.7484,0.4706,0.6625,-4.5277,0.1017,2.5654,0.3998
94.7586,416.3487,135.4368,0.0026,0.0001,0.0152,0.0055,0.0174,0.0758,0.5322,0.0366,0.0417,0.0434,0.1088,0.0445,21.6566,0.3728,0.7349,-2.9576,0.3911,3.5849,0.3956
162.8983,310.7248,140.9473,0.0298,0.0,0.0033,0.0125,0.0134,0.0376,0.4728,0.0444,0.0168,0.0619,0.0865,0.1275,22.9076,0.4966,0.6114,-3.7952,0.3642,3.3613,0.3003
154.604,409.1594,195.7585,0.0043,0.0002,0.0187,0.0168,0.015,0.0505,0.1857,0.0055,0.0298,0.0706,0.0935,0.2023,26.9874,0.6009,0.7677,-5.3622,0.157,3.0564,0.4541
204.8024,491.8115,156.9711,0.0106,0.0002,0.0208,0.0153,0.0388,0.0476,1.0686,0.0078,0.0422,0.0499,0.0594,0.2944,9.5046,0.6343,0.7645,-4.648,0.331,1.8893,0.3299
129.2766,425.6044,161.1905,0.0271,0.0002,0.0194,0.019,0.0637,0.0261,0.9484,0.0332,0.0267,0.0195,0.0166,0.1573,29.3238,0.4377,0.6119,-4.7025,0.3673,3.0295,0.308
129.5522,355.4865,153.6479,0.0287,0.0001,0.0134,0.0084,0.0356,0.0784,0.1296,0.0564,0.0306,0.0842,0.1665,0.0897,11.9622,0.2987,0.7092,-7.1178,0.3734,3.1414,0.1211
115.841,488.5189,186.8681,0.0082,0.0001,0.0199,0.0177,0.0603,0.0278,0.6881,0.0387,0.0737,0.1122,0.1631,0.1303,19.7201,0.294,0.6373,-6.7279,0.1837,2.2383,0.4448
219.705,452.4173,157.8693,0.0096,0.0001,0.0027,0.0195,0.0209,0.1122,0.629,0.0173,0.046,0.0627,0.0321,0.0559,11.4597,0.2731,0.596,-6.7771,0.3728,3.4183,0.1961
104.1829,446.6884,103.0285,0.0031,0.0,0.0155,0.0169,0.009,0.0846,1.0087,0.0507,0.0083,0.1074,0.1161,0.2911,26.2985,0.544,0.7939,-2.8666,0.3817,2.7586,0.3623
210.5003,148.4037,138.9153,0.0278,0.0,0.0078,0.0191,0.0089,0.0897,0.2462,0.0472,0.064,0.0663,0.1008,0.0935,29.1159,0.4103,0.7026,-4.4528,0.3836,2.6052,0.515
117.8079,278.7342,115.3115,0.0244,0.0002,0.0161,0.0096,0.0064,0.0679,0.9937,0.0138,0.0336,0.1317,0.0776,0.2416,9.2767,0.5866,0.5823,-4.0446,0.3363,3.6153,0.2506
137.1358,558.7908,172.3806,0.0207,0.0,0.0043,0.0099,0.0438,0.0136,0.8573,0.0275,0.0675,0.0876,0.1593,0.1108,16.1269,0.5588,0.7091,-4.09,0.3004,3.25,0.2986
99.2374,209.3271,198.5407,0.0328,0.0002,0.0108,0.006,0.0114,0.0296,0.6747,0.0527,0.0344,0.1239,0.1616,0.0732,19.6971,0.2851,0.6224,-4.4926,0.3998,1.8637,0.2764
176.5184,265.8454,161.4666,0.0069,0.0001,0.0122,0.0157,0.0408,0.0519,1.2062,0.0149,0.0294,0.0572,0.0317,0.0839,25.0063,0.5528,0.6921,-3.6997,0.1045,2.2817,0.5067
219.788,490.184,191.3132,0.0035,0.0001,0.0102,0.0146,0.0091,0.0576,1.2893,0.0066,0.0223,0.0274,0.1106,0.0127,15.1835,0.3798,0.6596,-3.1024,0.2962,2.4664,0.4413
200.3488,169.5412,115.4744,0.0045,0.0001,0.0081,0.0087,0.0625,0.1156,0.2773,0.0294,0.0729,0.0465,0.0546,0.0468,26.7993,0.3343,0.6811,-5.0813,0.2697,1.8122,0.2849
95.141,357.478,84.6176,0.0043,0.0001,0.0139,0.0112,0.0166,0.0456,0.1601,0.0296,0.0608,0.0264,0.087,0.3135,16.4106,0.5331,0.8185,-2.9008,0.3712,2.4306,0.2612
172.3684,206.3421,106.7194,0.0164,0.0002,0.0205,0.0151,0.0288,0.1072,0.7899,0.0215,0.0625,0.0986,0.1381,0.1544,27.1919,0.302,0.6741,-5.9585,0.4431,2.641,0.2663
133.927,450.2399,132.7733,0.0118,0.0002,0.0197,0.0163,0.0535,0.1027,0.7625,0.0466,0.0402,0.0372,0.0349,0.1807,23.156,0.5124,0.5793,-6.9436,0.1678,3.1051,0.1613
186.8419,498.7324,175.5083,0.011,0.0001,0.0204,0.0076,0.0565,0.0635,0.7964,0.0062,0.0787,0.0122,0.0795,0.0441,27.7202,0.4832,0.8009,-3.5384,0.3275,3.3837,0.3323
198.0838,355.0126,192.5031,0.0091,0.0002,0.0096,0.0135,0.0058,0.0427,0.6114,0.0092,0.0089,0.0669,0.0901,0.2793,16.2004,0.6426,0.8097,-7.1193,0.4273,2.5948,0.17
137.9863,471.552,164.3189,0.017,0.0001,0.0151,0.0148,0.0148,0.0123,0.992,0.0207,0.0519,0.0883,0.1282,0.2471,19.4973,0.5611,0.7716,-3.5718,0.3179,1.7749,0.4731
165.9135,442.7401,116.8222,0.0203,0.0003,0.0119,0.0162,0.0549,0.0845,1.0329,0.0331,0.0473,0.0289,0.0199,0.2394,27.1924,0.3784,0.6293,-4.4433,0.1397,1.9846,0.3641
143.335,555.2512,86.7638,0.0154,0.0002,0.0032,0.0073,0.039,0.0486,0.8442,0.006,0.0518,0.064,0.0876,0.0813,22.3108,0.625,0.7686,-6.7425,0.4315,2.3685,0.2973
218.2444,517.8314,180.8288,0.0179,0.0001,0.0147,0.0062,0.0062,0.0603,0.9238,0.0386,0.0368,0.0172,0.0221,0.2162,28.8353,0.6762,0.7336,-5.5394,0.331,2.6795,0.5216
208.8638,130.2698,117.9791,0.0068,0.0002,0.02,0.0185,0.0419,0.0551,0.292,0.0386,0.0569,0.1138,0.1059,0.234,11.5385,0.3053,0.8175,-5.8187,0.375,2.6622,0.3933
165.7628,555.7375,184.8738,0.0224,0.0002,0.0021,0.0016,0.0089,0.0484,1.2951,0.0116,0.0198,0.1091,0.1028,0.2808,24.9629,0.4286,0.7738,-3.0905,0.3889,2.8402,0.4128
161.8535,134.0751,193.6954,0.0044,0.0002,0.0185,0.0157,0.0631,0.0282,0.2196,0.025,0.0777,0.0649,0.1348,0.2805,19.331,0.3511,0.6908,-2.8184,0.4481,2.7764,0.3756
197.9224,559.2744,160.6967,0.0134,0.0001,0.0167,0.0062,0.0515,0.0271,0.1214,0.0253,0.0518,0.0175,0.1112,0.1406,13.9277,0.5747,0.7688,-6.2403,0.2882,3.3906,0.3944
208.2152,574.2004,193.4002,0.003,0.0002,0.0133,0.0132,0.0383,0.0149,0.9588,0.0051,0.0307,0.0632,0.162,0.1811,25.2884,0.4468,0.6301,-3.9374,0.1553,2.4455,0.2247
94.505,151.1497,70.2608,0.0056,0.0002,0.0195,0.0145,0.0229,0.1085,0.5074,0.0515,0.0104,0.0745,0.1224,0.0555,14.1603,0.3073,0.7264,-3.4918,0.1335,3.1689,0.115
132.7082,363.1179,145.307,0.0134,0.0,0.0178,0.0142,0.0398,0.0641,0.5854,0.0489,0.0623,0.0769,0.1092,0.3082,27.2002,0.5112,0.8147,-3.8293,0.1425,2.9424,0.2756
112.5541,582.6899,82.8686,0.0199,0.0001,0.0033,0.01,0.0146,0.0893,0.5103,0.0248,0.0194,0.0628,0.0986,0.1454,11.4775,0.489,0.7119,-3.2968,0.3521,3.1694,0.2823
130.8027,323.3849,152.5003,0.0271,0.0002,0.0152,0.0163,0.0216,0.1055,0.5923,0.0267,0.0525,0.1371,0.1028,0.1499,19.4903,0.6114,0.6752,-4.4859,0.3643,2.3577,0.4433
127.7986,251.2767,195.2707,0.0104,0.0002,0.0078,0.0081,0.0642,0.0479,0.5518,0.0454,0.0648,0.122,0.0243,0.2388,15.1787,0.6765,0.6134,-2.6152,0.0956,1.8876,0.408
119.6073,267.9212,106.0144,0.0048,0.0002,0.0072,0.0056,0.005,0.0397,1.1401,0.0231,0.0212,0.0773,0.0993,0.1533,12.0897,0.6555,0.7967,-6.5673,0.1556,3.394,0.4606
161.7903,203.0782,87.181,0.0038,0.0001,0.0093,0.0103,0.0219,0.1064,0.2433,0.0344,0.068,0.0653,0.1592,0.285,16.957,0.5506,0.5923,-3.7308,0.1543,2.2754,0.3861
188.2286,137.0285,196.5113,0.0101,0.0002,0.015,0.0142,0.0311,0.0528,0.7704,0.0301,0.0666,0.0865,0.1549,0.04,17.5867,0.5656,0.6787,-4.0229,0.2539,3.6368,0.2501
104.482,263.0517,184.5134,0.0084,0.0,0.0158,0.005,0.0162,0.093,0.6252,0.0415,0.0617,0.1095,0.1309,0.0481,20.294,0.5278,0.6167,-2.9744,0.3354,3.4446,0.4197
127.3275,207.7979,116.3469,0.0024,0.0001,0.0134,0.0156,0.0029,0.0172,0.6208,0.0512,0.0063,0.0984,0.1441,0.1032,18.3159,0.3428,0.6665,-6.3079,0.4433,3.31,0.1421
177.0625,102.9533,180.5015,0.0263,0.0,0.0109,0.0026,0.0497,0.08,0.4009,0.0416,0.0629,0.1317,0.1496,0.0951,21.4516,0.5023,0.6932,-4.3562,0.4427,3.5567,0.2683
168.6055,476.2917,185.2618,0.0074,0.0002,0.0135,0.0108,0.0402,0.0746,0.7409,0.0394,0.0594,0.1231,0.1249,0.0753,16.6958,0.6481,0.7884,-5.0304,0.2396,2.5186,0.1969
128.3197,568.6061,146.2547,0.0139,0.0001,0.0194,0.0053,0.0175,0.0994,0.4719,0.0376,0.037,0.0687,0.1002,0.3054,26.7587,0.6385,0.768,-5.6501,0.29,3.5845,0.3712
174.0733,502.2704,196.8803,0.0267,0.0001,0.0212,0.0105,0.0068,0.0887,0.9597,0.0049,0.0076,0.1258,0.127,0.2664,23.8805,0.4164,0.666,-2.9601,0.3419,1.8731,0.2243
155.2504,365.6626,171.9913,0.0123,0.0002,0.0046,0.0183,0.029,0.051,1.0419,0.0231,0.0109,0.0694,0.0839,0.0611,10.9608,0.6712,0.5944,-5.323,0.1297,2.2186,0.0978
139.9749,339.4579,82.5024,0.0032,0.0002,0.0077,0.0011,0.0156,0.0679,0.6697,0.0064,0.0273,0.0554,0.1475,0.214,18.6113,0.577,0.6445,-5.1161,0.2242,2.4998,0.4168
177.9839,108.8072,85.4181,0.031,0.0001,0.0012,0.0115,0.0233,0.0532,1.2419,0.0555,0.0113,0.1024,0.1014,0.2718,17.8896,0.3987,0.5866,-2.7389,0.4078,2.2343,0.3653
204.8333,553.17,109.1093,0.0306,0.0001,0.0193,0.0055,0.0518,0.0498,0.5142,0.0055,0.0195,0.043,0.1076,0.0934,20.7438,0.6557,0.6838,-3.2369,0.3472,2.2175,0.5159
127.5714,485.2137,195.1793,0.0061,0.0002,0.0208,0.0154,0.0164,0.0218,0.2166,0.0556,0.0457,0.0519,0.0831,0.2307,8.807,0.5502,0.7111,-2.739,0.3612,2.0144,0.2078
127.2676,457.6411,67.53,0.0212,0.0002,0.0148,0.0074,0.0547,0.0877,0.1827,0.0234,0.0098,0.0936,0.1535,0.1193,16.8311,0.3549,0.6589,-5.9215,0.0682,2.7746,0.1451
148.7391,414.7378,141.3781,0.0053,0.0002,0.001,0.0122,0.0443,0.1024,0.2779,0.0249,0.0222,0.0705,0.1333,0.1799,27.3147,0.4381,0.7849,-7.0727,0.0754,3.0175,0.2475
144.8405,297.4484,84.1659,0.0271,0.0002,0.0061,0.0113,0.0382,0.1172,0.4911,0.0085,0.0134,0.0858,0.053,0.2518,24.6126,0.6561,0.8074,-3.7579,0.3707,2.0434,0.1673
112.4543,325.4108,69.141,0.0169,0.0001,0.0168,0.009,0.0422,0.0483,0.3165,0.0495,0.0461,0.0343,0.1539,0.2178,26.8715,0.2644,0.8115,-4.0395,0.3223,3.4228,0.1331
117.6544,238.9959,188.8413,0.0301,0.0001,0.0116,0.0194,0.0573,0.0218,1.2048,0.0531,0.0422,0.0997,0.0391,0.2804,11.4405,0.6544,0.6658,-6.8154,0.0793,1.8051,0.2238
215.7292,504.6024,167.7619,0.0047,0.0002,0.0037,0.0136,0.056,0.116,0.6728,0.0271,0.0606,0.1078,0.0914,0.2991,11.8708,0.3502,0.7066,-3.908,0.181,3.6571,0.1767
212.2398,233.4631,132.3136,0.0131,0.0002,0.0198,0.0019,0.0263,0.1179,1.006,0.03,0.0545,0.0577,0.0143,0.2816,17.3747,0.4744,0.6028,-6.6185,0.1958,3.5595,0.2221
218.4066,468.4274,175.7766,0.032,0.0001,0.019,0.0154,0.0495,0.0769,0.5906,0.0298,0.0773,0.1029,0.0453,0.1127,9.2883,0.3014,0.796,-2.9828,0.3606,2.4768,0.4491
96.5875,179.6534,136.9253,0.0028,0.0001,0.0077,0.0105,0.0449,0.1188,0.8304,0.0431,0.0755,0.0493,0.0785,0.2716,16.1328,0.4048,0.6623,-4.6406,0.2912,3.5112,0.1949
108.0378,229.8927,74.2848,0.0045,0.0002,0.0191,0.0084,0.0525,0.0905,0.2968,0.0356,0.0341,0.1258,0.0658,0.1549,17.4087,0.5769,0.7345,-3.0622,0.3484,2.5789,0.1954
209.5773,297.3301,104.1098,0.0269,0.0,0.0016,0.0127,0.006,0.0721,0.2328,0.0384,0.0691,0.0258,0.0952,0.0611,15.941,0.4061,0.6937,-4.9948,0.1566,2.4449,0.4865
184.3747,274.0702,174.6771,0.0229,0.0001,0.0142,0.0129,0.0367,0.1018,1.252,0.0467,0.0263,0.0138,0.0604,0.2733,9.4265,0.6802,0.6982,-5.8691,0.2994,3.6,0.5204
157.116,150.7166,91.1121,0.0152,0.0,0.0033,0.0044,0.0313,0.0412,0.1473,0.0195,0.0332,0.0277,0.167,0.2511,14.067,0.6447,0.7073,-6.3232,0.1263,2.3767,0.4086
112.9886,110.2623,178.6657,0.0019,0.0001,0.0062,0.0193,0.0317,0.1161,1.1652,0.036,0.0096,0.0419,0.1215,0.0138,17.7988,0.3125,0.7427,-2.5668,0.2591,3.013,0.2694
142.8222,408.0293,77.92,0.0293,0.0001,0.0034,0.015,0.0134,0.1158,1.2287,0.0471,0.0775,0.0827,0.0467,0.0626,26.8976,0.265,0.7375,-2.7063,0.3385,2.354,0.4013
212.008,118.3838,139.8579,0.0152,0.0001,0.0099,0.0087,0.0224,0.1037,1.0986,0.0318,0.058,0.0664,0.0898,0.0649,23.5116,0.6537,0.6205,-3.1248,0.1581,3.2143,0.3759
201.1289,302.9138,140.7143,0.0074,0.0001,0.0072,0.0039,0.0162,0.0984,1.168,0.0467,0.0715,0.0237,0.0267,0.2241,22.0955,0.6767,0.6481,-3.5247,0.4352,3.11,0.363
178.7315,562.3111,186.087,0.0268,0.0001,0.0188,0.005,0.0269,0.108,0.9458,0.0143,0.0125,0.0261,0.0369,0.2809,22.7321,0.3343,0.8209,-4.7213,0.3351,3.1933,0.1799
150.9165,142.2782,157.9,0.0214,0.0002,0.02,0.0079,0.0054,0.0435,1.1216,0.0318,0.0195,0.0814,0.1042,0.0671,25.9833,0.6103,0.7309,-6.1553,0.3284,3.1116,0.111
133.2638,244.2885,101.4119,0.0109,0.0002,0.0021,0.0193,0.0193,0.0548,0.5936,0.0234,0.0693,0.038,0.106,0.2477,24.1638,0.409,0.6817,-3.9741,0.2813,2.6129,0.124
155.5643,203.897,80.5278,0.004,0.0002,0.0198,0.0116,0.0298,0.0903,0.2447,0.0374,0.059,0.0631,0.0733,0.0677,16.2248,0.3598,0.6378,-4.6654,0.1341,3.0958,0.1042
133.7412,302.8537,143.6311,0.0239,0.0003,0.0021,0.0147,0.0495,0.1181,0.6121,0.0212,0.0431,0.0768,0.0642,0.2681,28.5477,0.5807,0.5867,-3.3269,0.2112,3.5412,0.144
208.9347,383.9809,67.2929,0.0227,0.0002,0.0086,0.0157,0.0546,0.0255,0.3676,0.006,0.069,0.0697,0.1311,0.2847,22.3325,0.4421,0.6196,-6.9246,0.3426,2.9116,0.3534
137.0197,321.1334,110.8954,0.0164,0.0,0.0023,0.0089,0.0498,0.1047,0.4832,0.0409,0.0139,0.1073,0.02,0.2005,26.3024,0.5139,0.7899,-6.1407,0.1424,2.9349,0.4753
175.7112,510.647,159.2806,0.0084,0.0,0.0142,0.0018,0.0022,0.0946,0.1701,0.0113,0.017,0.0166,0.0621,0.289,20.8199,0.3993,0.6054,-4.1891,0.3651,2.3508,0.1147
195.3348,363.1701,92.5291,0.0078,0.0002,0.0137,0.0182,0.0245,0.1029,0.9182,0.0405,0.0129,0.0412,0.1208,0.0891,22.1388,0.4178,0.6517,-4.5435,0.1117,1.952,0.2273
187.9027,267.5728,154.7014,0.0028,0.0,0.0045,0.0184,0.0386,0.0902,1.0476,0.0191,0.0578,0.1063,0.0908,0.301,16.248,0.4977,0.7954,-3.3692,0.3378,3.4559,0.435
111.0467,128.2137,159.4055,0.0327,0.0002,0.0011,0.0053,0.0596,0.1102,1.1202,0.0356,0.0172,0.0167,0.0933,0.0249,19.6193,0.3738,0.7659,-7.093,0.1098,3.6298,0.4808
103.3898,507.8614,179.3824,0.0278,0.0001,0.0114,0.0121,0.0035,0.0914,0.2077,0.0367,0.0271,0.1003,0.1073,0.181,19.7153,0.5077,0.5993,-3.2295,0.1348,3.1435,0.0938
169.3658,245.1966,84.7804,0.0316,0.0002,0.0024,0.0163,0.0102,0.0619,0.1455,0.0378,0.0436,0.1065,0.0553,0.1159,22.4147,0.3609,0.78,-3.3111,0.1432,3.5793,0.2072
99.203,194.8823,182.2128,0.0298,0.0002,0.01,0.0019,0.0387,0.0234,0.8417,0.0093,0.0278,0.0672,0.1362,0.2998,9.3418,0.4965,0.7536,-6.4894,0.3485,2.7568,0.4231
154.0439,257.7454,94.2222,0.0064,0.0002,0.0188,0.0183,0.0247,0.075,0.9625,0.0564,0.0158,0.0852,0.1428,0.1329,11.6175,0.3763,0.7734,-3.7669,0.2012,2.7893,0.3761
215.5113,559.2185,83.5232,0.0123,0.0001,0.015,0.002,0.0521,0.026,0.1932,0.0564,0.0668,0.1187,0.0467,0.1084,16.8803,0.5018,0.7284,-6.8605,0.3285,2.3448,0.1626
91.6843,484.9163,73.5437,0.0123,0.0002,0.0195,0.0123,0.0588,0.1013,0.541,0.0305,0.02,0.0465,0.1068,0.0782,16.0067,0.628,0.5886,-3.2681,0.2592,1.9493,0.2346
163.059,543.5948,76.0548,0.0273,0.0002,0.0046,0.0187,0.0492,0.0521,1.0369,0.014,0.0688,0.0447,0.0558,0.2536,10.2149,0.459,0.7459,-3.3638,0.1891,3.6341,0.4005
166.662,180.0308,129.3971,0.0086,0.0002,0.0199,0.012,0.0112,0.1125,0.4588,0.0541,0.0235,0.0319,0.0739,0.2902,26.6239,0.6671,0.5766,-4.9035,0.4083,2.2836,0.4112
114.9615,380.6791,75.1949,0.0197,0.0,0.0055,0.0073,0.0463,0.0543,0.4918,0.0301,0.0519,0.0843,0.0362,0.1344,29.2683,0.3999,0.7887,-4.3438,0.1964,2.5114,0.503
170.4493,195.2369,139.9721,0.0116,0.0003,0.0164,0.0098,0.0403,0.0141,0.2518,0.0512,0.0605,0.0977,0.1604,0.2563,26.3133,0.2687,0.7287,-2.633,0.2639,3.274,0.3627
208.2983,271.4925,116.2718,0.028,0.0002,0.0199,0.0027,0.0382,0.0376,0.9839,0.044,0.0184,0.0468,0.026,0.1973,20.7905,0.4408,0.7992,-6.6407,0.378,2.8689,0.3539
104.9576,260.2218,178.6726,0.0112,0.0001,0.0142,0.0054,0.047,0.0814,0.0972,0.0147,0.0334,0.0932,0.0965,0.105,21.7999,0.66,0.6376,-7.0277,0.1029,2.3849,0.133
105.33,178.3593,99.1194,0.014,0.0002,0.0013,0.0148,0.014,0.0965,0.2285,0.0093,0.0664,0.1258,0.1147,0.0377,10.7097,0.3076,0.7796,-4.309,0.2484,3.5197,0.3585
144.3597,278.4478,136.2792,0.0329,0.0001,0.0097,0.0152,0.0224,0.0439,1.208,0.0146,0.0314,0.0802,0.1039,0.0453,23.7902,0.6187,0.7346,-4.7888,0.1609,1.9748,0.4753
201.0314,341.1786,160.9374,0.0224,0.0002,0.0188,0.0129,0.0167,0.0651,0.6544,0.0388,0.0671,0.0083,0.0354,0.108,15.7798,0.39,0.5758,-2.5005,0.2302,3.2876,0.3955
147.3892,424.1021,102.0111,0.0259,0.0003,0.0122,0.0025,0.0107,0.0478,0.745,0.0256,0.0448,0.0795,0.0151,0.2256,19.5426,0.6516,0.781,-3.6188,0.1617,1.8079,0.2671
97.1731,173.9697,145.3109,0.0032,0.0001,0.0164,0.01,0.0405,0.0669,0.6536,0.0215,0.0754,0.0238,0.1618,0.1339,8.9256,0.3732,0.7912,-3.989,0.15,2.8233,0.1819
217.3954,112.0988,142.9407,0.023,0.0002,0.0189,0.0128,0.0196,0.0565,0.402,0.0313,0.0463,0.1319,0.1398,0.2902,10.143,0.674,0.666,-5.077,0.1937,2.712,0.3866
204.1426,461.7531,163.8084,0.0249,0.0001,0.0212,0.0188,0.0144,0.039,0.8205,0.0106,0.0218,0.1042,0.1165,0.1709,9.8804,0.6353,0.65,-6.0038,0.339,2.9118,0.3696
168.2952,255.4493,74.8603,0.0225,0.0002,0.0034,0.0108,0.027,0.0516,0.3629,0.0465,0.0134,0.1216,0.0236,0.1193,9.0885,0.2733,0.7698,-3.8931,0.421,2.0735,0.3936
119.0136,532.4403,138.8657,0.0085,0.0002,0.0108,0.0074,0.03,0.0503,0.8717,0.0518,0.0564,0.0167,0.1252,0.0894,25.0939,0.4285,0.6603,-2.9295,0.0715,2.5335,0.5044
169.406,355.7761,100.2405,0.0111,0.0,0.0183,0.0155,0.0383,0.0645,0.8803,0.0226,0.0787,0.0347,0.1197,0.2545,24.3336,0.4117,0.7116,-6.3209,0.1068,3.412,0.252
105.9029,358.0925,193.7658,0.0317,0.0,0.0183,0.0093,0.0047,0.0389,1.1441,0.0163,0.017,0.062,0.1017,0.1286,11.1533,0.3171,0.6073,-4.3217,0.2248,1.7984,0.3025
191.1386,128.9296,111.5263,0.0026,0.0001,0.0193,0.0055,0.064,0.0228,0.3914,0.038,0.0777,0.0824,0.1422,0.2721,15.465,0.4088,0.6264,-4.3382,0.2398,3.3033,0.281
96.512,215.3193,80.7029,0.0292,0.0,0.0069,0.0103,0.0224,0.0973,0.4861,0.0052,0.0692,0.042,0.0722,0.0284,21.6686,0.5095,0.8044,-4.4178,0.113,2.3737,0.273
129.3186,264.5832,196.0587,0.0077,0.0001,0.02,0.0048,0.0419,0.1091,0.9254,0.0392,0.0104,0.1238,0.1149,0.2356,27.7671,0.3843,0.7778,-7.0933,0.2259,1.7795,0.3641
182.6018,456.3386,135.2392,0.0124,0.0002,0.0133,0.0113,0.064,0.0592,0.7438,0.0229,0.0475,0.0492,0.037,0.1548,23.74,0.3958,0.6039,-2.862,0.3288,2.6272,0.4668
93.5174,296.8941,183.72,0.011,0.0002,0.0156,0.0117,0.0245,0.0967,0.4133,0.0329,0.0069,0.1088,0.0893,0.0698,20.326,0.3754,0.6431,-4.5323,0.1511,3.3906,0.2395
174.7948,431.9787,73.7219,0.014,0.0001,0.0026,0.0071,0.0596,0.0248,0.7166,0.0134,0.0605,0.0574,0.0963,0.0082,21.6802,0.349,0.5765,-6.5079,0.4305,3.5554,0.1386
197.1061,488.064,70.1039,0.0304,0.0,0.0014,0.019,0.022,0.0948,0.2165,0.0134,0.0237,0.1001,0.0441,0.2253,8.4626,0.3322,0.717,-5.2083,0.2734,1.8142,0.0944
220.1162,275.4117,112.5909,0.0109,0.0001,0.013,0.0046,0.0625,0.0262,0.6414,0.0268,0.0152,0.1194,0.0742,0.1081,9.4018,0.5024,0.7778,-4.3571,0.2661,2.3458,0.5088
96.9295,267.5922,126.2,0.0319,0.0002,0.0052,0.0123,0.023,0.0191,0.7153,0.0048,0.0058,0.1273,0.1568,0.1109,11.1305,0.4114,0.6553,-5.8033,0.2685,2.2784,0.2378
142.3251,254.3251,82.1018,0.0099,0.0001,0.0209,0.0143,0.0587,0.098,0.723,0.0373,0.0134,0.0531,0.1634,0.3095,19.9206,0.4865,0.7472,-3.3844,0.3951,2.9449,0.325
218.7541,190.2599,165.5483,0.0292,0.0,0.0208,0.0147,0.0209,0.0872,0.2363,0.0414,0.0152,0.1332,0.0936,0.0295,26.0671,0.5493,0.7216,-3.9024,0.1206,3.4861,0.12
167.2846,241.5991,107.2479,0.0252,0.0002,0.0029,0.0183,0.0637,0.0324,0.6418,0.0176,0.0705,0.0513,0.1353,0.1441,25.1822,0.3285,0.727,-5.8164,0.0894,2.6654,0.1223
174.4601,381.9436,169.2434,0.0057,0.0001,0.0178,0.0082,0.0271,0.04,0.6219,0.0536,0.0448,0.0379,0.1044,0.2532,25.8791,0.4646,0.6881,-5.7569,0.1609,3.167,0.2342
141.7627,534.1654,101.5667,0.0203,0.0001,0.0072,0.0065,0.0414,0.0404,0.1715,0.0351,0.0772,0.1288,0.0766,0.0131,16.1428,0.6783,0.6408,-6.8147,0.3767,2.1248,0.1419
158.2658,230.9366,69.2845,0.0157,0.0002,0.0046,0.0119,0.0291,0.0799,1.0099,0.0284,0.073,0.0312,0.0233,0.1034,15.2578,0.6255,0.8181,-6.8718,0.3476,1.9538,0.3631
125.4189,136.5808,197.2374,0.0085,0.0002,0.0208,0.0163,0.003,0.0551,0.0943,0.0382,0.0103,0.029,0.1676,0.2265,17.8141,0.47,0.7144,-2.7632,0.1632,3.3396,0.1848
158.9604,323.8027,158.5374,0.0295,0.0002,0.0114,0.017,0.0157,0.1142,0.7205,0.0242,0.0702,0.038,0.0771,0.1621,25.5739,0.4921,0.6133,-4.3383,0.143,3.4013,0.1072
158.2954,379.6423,99.8408,0.0066,0.0001,0.0055,0.0077,0.0556,0.0493,1.0861,0.0169,0.0358,0.0722,0.1346,0.0066,14.1003,0.478,0.5753,-4.7118,0.3286,2.6636,0.1122
214.3906,439.3519,178.3311,0.021,0.0002,0.0198,0.0067,0.0409,0.0151,0.4984,0.0529,0.0281,0.0557,0.072,0.1213,22.5424,0.5611,0.6078,-5.3672,0.14,2.5269,0.3859
109.9158,177.8381,94.9358,0.0211,0.0001,0.0185,0.0098,0.0391,0.0963,0.8937,0.0265,0.055,0.1319,0.1066,0.0343,22.0631,0.4997,0.7256,-3.7666,0.3474,2.4486,0.287
152.8275,407.971,81.8583,0.0076,0.0001,0.0029,0.007,0.0341,0.0387,0.5033,0.0439,0.0345,0.0638,0.1163,0.1131,11.1943,0.3223,0.7703,-3.6267,0.2934,3.6126,0.3893
190.6017,347.7588,160.0261,0.0326,0.0,0.006,0.0069,0.0633,0.0692,0.1711,0.017,0.0239,0.1264,0.128,0.1245,27.8261,0.6264,0.7109,-5.317,0.1379,3.1238,0.4287
191.1113,130.1491,94.3841,0.007,0.0002,0.0111,0.0043,0.0489,0.021,0.1054,0.0531,0.0083,0.0904,0.1443,0.0328,18.7555,0.6612,0.7628,-6.085,0.316,3.4718,0.3983
203.9319,558.8389,148.2557,0.0114,0.0001,0.0133,0.0012,0.0358,0.0651,0.2086,0.0197,0.0154,0.0627,0.151,0.1643,10.911,0.6773,0.6271,-6.7798,0.1265,1.7919,0.2982
164.1047,456.3419,93.7356,0.0324,0.0,0.0086,0.011,0.0521,0.0406,0.9606,0.0281,0.0191,0.1271,0.0597,0.1832,14.7745,0.4086,0.6,-3.7153,0.2983,2.4688,0.2267
123.403,422.0791,165.6037,0.0296,0.0001,0.0161,0.0188,0.0135,0.0153,0.226,0.0304,0.0712,0.0678,0.1108,0.0395,13.942,0.5188,0.6375,-3.5374,0.0958,3.5822,0.187
172.6675,573.2335,132.5183,0.023,0.0002,0.011,0.0142,0.0149,0.0241,0.7408,0.0368,0.0657,0.0145,0.1443,0.139,8.517,0.4448,0.6171,-4.4368,0.3333,1.9495,0.2845
93.9404,528.9594,92.4224,0.0039,0.0002,0.0207,0.008,0.0246,0.04,0.8406,0.0123,0.0702,0.0626,0.0855,0.152,11.1669,0.5272,0.6496,-5.6562,0.2956,2.9479,0.3427
158.8066,285.7358,102.6803,0.0038,0.0001,0.0154,0.0077,0.0516,0.0829,0.4067,0.0273,0.0674,0.0884,0.156,0.084,22.5648,0.5122,0.7058,-4.3966,0.1566,3.3069,0.5068
111.9631,151.258,81.8461,0.0185,0.0,0.0131,0.0168,0.0507,0.0856,1.1809,0.0234,0.0766,0.0474,0.0517,0.0703,9.3505,0.6498,0.6487,-6.5425,0.2307,2.242,0.2273
100.4864,534.6785,165.8881,0.0032,0.0001,0.0192,0.0141,0.014,0.112,0.6723,0.0091,0.0228,0.1231,0.1527,0.0837,28.4201,0.3598,0.822,-4.824,0.4166,3.503,0.19
110.7677,142.7286,83.1328,0.0316,0.0002,0.0077,0.0047,0.051,0.0256,1.17,0.0174,0.0665,0.0225,0.0172,0.058,10.6595,0.333,0.7227,-2.8042,0.2893,3.4603,0.5216
194.3968,466.2691,110.1685,0.0141,0.0002,0.0184,0.0089,0.0051,0.1007,0.9255,0.0085,0.0428,0.045,0.0347,0.2299,8.4981,0.271,0.8154,-5.0226,0.4217,3.0779,0.3574
218.9826,339.011,93.5473,0.0297,0.0001,0.0206,0.0053,0.0077,0.0308,0.945,0.0225,0.0429,0.0902,0.1526,0.1477,13.866,0.4325,0.7451,-3.2316,0.3807,2.5224,0.4794
152.1768,379.0976,113.0385,0.0315,0.0002,0.0199,0.0149,0.0324,0.0143,1.0239,0.0535,0.0668,0.0671,0.1111,0.0491,8.8744,0.3233,0.709,-3.8649,0.2267,3.6451,0.1987
98.1605,436.4213,176.1512,0.0265,0.0,0.0183,0.0135,0.0183,0.0724,0.8858,0.0248,0.074,0.0701,0.0671,0.2831,25.3842,0.6836,0.7154,-3.2379,0.1396,2.675,0.3789
172.3285,445.4931,176.2652,0.0114,0.0,0.0052,0.0154,0.0524,0.0182,0.7776,0.0548,0.0605,0.0769,0.0338,0.1848,27.4883,0.5441,0.8044,-5.3006,0.3185,1.9142,0.4705
105.7948,229.4155,125.0489,0.0295,0.0001,0.0035,0.0165,0.0046,0.0574,0.1525,0.0054,0.0421,0.0658,0.067,0.1311,13.1253,0.5068,0.6142,-6.7382,0.3388,3.4887,0.497
151.4162,493.7223,150.4198,0.0101,0.0003,0.0038,0.0159,0.0042,0.0145,0.7252,0.0525,0.0398,0.0986,0.0737,0.1873,27.8965,0.6013,0.6772,-3.1125,0.3183,2.3834,0.2323
192.6051,290.0569,120.6985,0.0037,0.0001,0.0057,0.0171,0.053,0.0666,1.0203,0.0169,0.0126,0.0389,0.0427,0.0302,28.6995,0.5247,0.5846,-6.6983,0.3052,3.4842,0.1164
205.3557,567.6366,180.7315,0.015,0.0002,0.0199,0.0135,0.0249,0.1033,0.846,0.0158,0.0137,0.0141,0.0595,0.1835,17.3739,0.5469,0.6731,-4.0113,0.2091,1.8139,0.1903
153.7462,441.2864,187.3739,0.0127,0.0002,0.015,0.015,0.0283,0.0672,0.6544,0.039,0.0248,0.0442,0.1364,0.1918,24.455,0.6459,0.7303,-4.9151,0.134,2.7165,0.5075
114.6101,251.2419,95.8159,0.0277,0.0001,0.0053,0.0129,0.0625,0.0579,0.4884,0.0553,0.0102,0.0815,0.0796,0.1933,15.7652,0.5591,0.7265,-4.3727,0.3853,2.1247,0.3732
189.4595,208.9073,178.265,0.026,0.0,0.0156,0.0195,0.0298,0.0324,0.9121,0.0552,0.024,0.0298,0.0588,0.289,12.3952,0.6201,0.815,-3.0338,0.2726,3.4074,0.1946
103.2625,160.4651,103.3879,0.0251,0.0001,0.0156,0.0043,0.0626,0.1189,0.3834,0.0359,0.0705,0.1335,0.0897,0.3038,18.19,0.3318,0.6916,-3.8015,0.2929,3.5647,0.2084
156.6623,256.7587,74.9777,0.0233,0.0001,0.0064,0.0032,0.0436,0.0612,1.156,0.0101,0.0088,0.1074,0.0804,0.1281,25.8505,0.2911,0.6743,-4.5419,0.2004,2.4521,0.2694
187.6704,405.0446,119.4891,0.017,0.0001,0.0019,0.0044,0.0342,0.0813,1.1874,0.0432,0.0206,0.0707,0.1314,0.1327,15.5194,0.303,0.8123,-5.9009,0.1996,3.5902,0.4441
115.4186,251.7877,99.6675,0.0162,0.0,0.0205,0.0035,0.063,0.0565,1.2237,0.0324,0.0752,0.0648,0.0343,0.2939,15.3578,0.609,0.6369,-6.7502,0.2837,2.7565,0.2047
208.8427,555.5595,157.8137,0.0101,0.0,0.0123,0.0081,0.0048,0.0405,1.2094,0.0541,0.0657,0.069,0.0745,0.2372,25.4809,0.4811,0.6479,-5.9119,0.1198,2.8905,0.1688
151.8338,258.5799,167.7214,0.0034,0.0001,0.007,0.0083,0.0151,0.0684,0.3473,0.0247,0.0463,0.0696,0.0429,0.0292,25.8966,0.6496,0.6923,-3.3516,0.1918,2.954,0.3038
118.5144,192.6814,194.1241,0.0235,0.0001,0.0042,0.0016,0.0383,0.095,0.6248,0.024,0.0274,0.0395,0.1105,0.1705,23.5315,0.2968,0.7588,-5.1669,0.1595,1.9771,0.1123
173.805,539.1273,141.8054,0.0119,0.0002,0.0037,0.0155,0.0161,0.0896,0.1666,0.0523,0.0199,0.0682,0.105,0.065,28.9766,0.3447,0.6055,-4.6085,0.2569,2.1683,0.1611
214.9762,364.2667,156.5166,0.022,0.0002,0.0096,0.0013,0.0247,0.0108,1.1984,0.0186,0.0202,0.0928,0.0979,0.2162,17.2907,0.5443,0.6061,-5.1783,0.1726,3.3458,0.3819
219.1849,448.0757,67.5669,0.0143,0.0,0.0183,0.0113,0.0563,0.0968,1.1682,0.0486,0.0712,0.1048,0.0149,0.1931,11.949,0.6722,0.7827,-6.255,0.1572,1.8184,0.3731
90.4708,195.4222,169.2214,0.0023,0.0001,0.0016,0.0174,0.0168,0.0299,0.9743,0.0191,0.0331,0.0404,0.062,0.0706,24.8314,0.5485,0.6914,-4.1906,0.206,3.1096,0.3816
89.4857,116.1103,155.0331,0.0302,0.0,0.0108,0.0049,0.0566,0.0168,0.5307,0.0277,0.0338,0.1135,0.0995,0.1069,14.353,0.6791,0.789,-6.9054,0.2887,2.2475,0.4826
127.9292,333.2303,158.2204,0.0022,0.0001,0.009,0.0143,0.0331,0.0994,1.2237,0.0537,0.029,0.0292,0.0603,0.0091,15.9968,0.3212,0.6537,-4.4431,0.1637,3.3898,0.3355
124.4701,204.405,161.079,0.0292,0.0003,0.017,0.0136,0.0385,0.0262,0.6591,0.0198,0.057,0.0241,0.1138,0.0446,10.3981,0.5776,0.7527,-5.3045,0.3391,3.4621,0.2409
95.8449,107.7135,126.6258,0.017,0.0001,0.0025,0.0038,0.0088,0.1086,0.33,0.0168,0.0425,0.0756,0.0205,0.2404,24.1885,0.6827,0.7301,-3.846,0.2947,2.5911,0.2471
198.2607,397.8432,196.1395,0.0175,0.0002,0.0181,0.0072,0.0214,0.0682,0.4817,0.0186,0.0442,0.0741,0.0565,0.1431,16.3337,0.3667,0.7077,-2.4746,0.4159,3.5402,0.1412
215.9893,497.5719,112.956,0.0131,0.0001,0.0143,0.0081,0.0618,0.1156,1.134,0.0075,0.0312,0.0707,0.084,0.2038,21.1674,0.4165,0.657,-6.6315,0.2714,2.011,0.2077
117.4359,539.277,67.6393,0.0163,0.0001,0.0017,0.0194,0.0472,0.0668,1.1512,0.0512,0.0146,0.0873,0.0486,0.2578,27.0905,0.5453,0.7135,-4.6945,0.2478,2.6142,0.4293
154.9188,163.4414,139.1202,0.0102,0.0002,0.0026,0.0012,0.0491,0.1053,1.2813,0.0131,0.0547,0.0538,0.1471,0.0875,8.9194,0.6109,0.6483,-2.542,0.4183,2.1826,0.2741
205.1713,130.067,73.3953,0.0168,0.0,0.0212,0.018,0.0527,0.0809,0.588,0.0285,0.0388,0.0159,0.0215,0.213,20.5086,0.6088,0.7061,-6.3842,0.2884,2.1116,0.2194
179.7229,375.4348,88.2723,0.0057,0.0003,0.0008,0.0138,0.0601,0.037,1.3,0.0269,0.0321,0.0736,0.1195,0.1997,17.4859,0.6682,0.5894,-4.6297,0.1661,3.5498,0.4953
215.3034,463.4513,127.7474,0.0285,0.0001,0.0064,0.001,0.0571,0.1186,1.1161,0.0486,0.0763,0.0659,0.0476,0.1575,12.557,0.6169,0.7436,-6.9172,0.1114,3.3604,0.2422
209.3127,132.0534,120.791,0.0074,0.0002,0.0047,0.0093,0.0521,0.1056,1.2134,0.0448,0.0275,0.0144,0.0952,0.1764,9.5922,0.6783,0.7797,-5.9748,0.3599,3.4033,0.4445
155.7061,321.8555,198.1183,0.0085,0.0002,0.0144,0.0066,0.0196,0.041,1.0905,0.0473,0.0608,0.0918,0.1349,0.1527,27.5655,0.6322,0.6797,-4.3988,0.2927,1.7661,0.2219
168.1831,484.9837,150.6235,0.0084,0.0,0.0151,0.0034,0.0591,0.0496,0.8452,0.0257,0.0334,0.1046,0.0638,0.0441,25.1446,0.5246,0.7449,-4.3888,0.3083,3.5672,0.4411
109.0205,238.6206,173.7151,0.0271,0.0001,0.006,0.01,0.0516,0.0693,0.8288,0.0186,0.0741,0.0531,0.0361,0.2432,21.6325,0.6528,0.7735,-2.7625,0.1537,3.2108,0.3736
106.349,449.9758,128.8574,0.0128,0.0001,0.021,0.0083,0.0024,0.1072,0.9428,0.0516,0.0473,0.0818,0.16,0.2537,20.4569,0.5226,0.8009,-2.7442,0.3201,3.2589,0.2062
209.9887,117.0707,186.1728,0.0063,0.0001,0.0078,0.0045,0.0501,0.0458,0.5702,0.031,0.0714,0.0251,0.1631,0.2586,12.7235,0.5166,0.6058,-3.6272,0.3007,3.2221,0.403
144.5976,442.5416,156.4507,0.0032,0.0002,0.0044,0.0097,0.0494,0.0643,0.7248,0.0558,0.0243,0.1179,0.0402,0.1215,11.7343,0.5817,0.6232,-5.6444,0.315,3.4656,0.5104
106.5394,453.9666,157.8133,0.0026,0.0002,0.0011,0.0076,0.0096,0.019,1.0314,0.0448,0.0378,0.048,0.089,0.2578,21.7778,0.5539,0.6693,-3.4236,0.2664,2.1534,0.2281
205.3145,358.0278,159.5821,0.0249,0.0001,0.0108,0.0029,0.0042,0.0209,0.7084,0.0294,0.071,0.0361,0.0894,0.2639,17.3094,0.3494,0.5848,-3.0728,0.1013,2.4371,0.1244
221.2752,409.8579,133.1118,0.0115,0.0002,0.0106,0.0195,0.0035,0.0968,0.7637,0.0115,0.075,0.0205,0.1185,0.0785,28.2488,0.4344,0.6768,-3.2524,0.3402,2.6383,0.3786
137.3577,294.1315,190.9582,0.006,0.0001,0.0136,0.0109,0.0172,0.0632,0.7156,0.0253,0.0137,0.0211,0.1193,0.0405,16.7476,0.4502,0.6121,-3.7823,0.2458,2.4695,0.102
109.1104,398.0508,144.6464,0.0317,0.0002,0.0199,0.0195,0.0579,0.11,0.423,0.0412,0.0063,0.1282,0.1281,0.296,28.5618,0.3089,0.6575,-4.4419,0.3833,2.2495,0.2154
176.4822,140.1288,179.1754,0.0038,0.0002,0.001,0.0028,0.009,0.0436,1.1421,0.0418,0.0501,0.1278,0.1619,0.303,29.0563,0.3646,0.7186,-6.3408,0.0655,3.651,0.1435
146.4966,204.5904,69.7223,0.0171,0.0,0.0032,0.0146,0.0376,0.0357,0.996,0.0424,0.0145,0.1218,0.0738,0.0672,20.4885,0.4052,0.8198,-3.3834,0.08,1.8581,0.23
123.4825,412.2198,150.2863,0.0315,0.0002,0.0202,0.007,0.0378,0.0209,0.5998,0.0527,0.0788,0.0747,0.068,0.1154,21.6898,0.4816,0.7122,-3.7052,0.1164,2.2698,0.4985
215.6707,113.4043,175.9841,0.0176,0.0002,0.0061,0.0016,0.0204,0.0145,0.2808,0.0391,0.0299,0.0176,0.0703,0.0347,14.1621,0.6398,0.7172,-2.5799,0.129,3.2076,0.4425
103.3823,541.292,98.4218,0.0052,0.0001,0.0041,0.0042,0.0138,0.0543,0.7208,0.056,0.0555,0.0783,0.0476,0.096,22.6601,0.4464,0.6307,-3.7233,0.4176,2.574,0.1865
219.112,441.64,187.1508,0.0178,0.0002,0.0017,0.0186,0.0372,0.1139,1.2591,0.0372,0.0216,0.0665,0.0221,0.0834,25.6464,0.5818,0.7537,-3.8994,0.3152,2.8137,0.5084
178.2747,366.3594,152.1654,0.0195,0.0002,0.0164,0.0059,0.0205,0.0193,0.5074,0.0349,0.0502,0.0947,0.0448,0.0489,18.2968,0.3893,0.6254,-3.7031,0.1808,2.398,0.2324
115.4951,432.9094,168.8826,0.0281,0.0001,0.0163,0.0194,0.0375,0.0514,0.269,0.0138,0.0648,0.042,0.1225,0.2724,8.5591,0.6663,0.6908,-3.4412,0.2033,2.9744,0.4117
154.3145,507.3226,156.7539,0.025,0.0,0.017,0.0085,0.0348,0.0622,0.8246,0.0171,0.0674,0.0462,0.0774,0.0068,28.8716,0.5613,0.7361,-3.5621,0.197,2.3159,0.1717
99.892,309.9751,194.2526,0.013,0.0003,0.0106,0.0089,0.0384,0.0803,1.0649,0.0097,0.0243,0.0525,0.1546,0.1508,14.0863,0.299,0.591,-3.2773,0.3005,1.9555,0.4395
208.9988,376.6759,94.7861,0.0259,0.0002,0.0041,0.0022,0.0372,0.0834,0.3651,0.047,0.0363,0.0178,0.0467,0.2423,20.0602,0.5847,0.7471,-5.4585,0.0829,1.9787,0.4975
145.7066,273.9702,65.9144,0.0314,0.0,0.0194,0.0144,0.041,0.0395,0.6104,0.0317,0.0789,0.1174,0.0918,0.0421,11.3055,0.4827,0.7218,-2.5381,0.1613,3.3541,0.3436
115.8152,314.9124,103.4205,0.0116,0.0002,0.0039,0.0053,0.06,0.0651,0.3134,0.0158,0.0627,0.0301,0.0145,0.2714,13.3419,0.3364,0.7772,-3.6191,0.1338,3.3376,0.5039
92.6796,203.4556,120.5027,0.0194,0.0002,0.016,0.0158,0.0619,0.0904,0.8564,0.0192,0.0697,0.1245,0.0618,0.0478,28.6147,0.4731,0.6646,-3.5131,0.1963,3.5292,0.3253
164.6297,502.0156,81.0132,0.0069,0.0001,0.0019,0.0164,0.0432,0.0709,0.7244,0.0452,0.0752,0.1109,0.1111,0.1941,24.0309,0.3885,0.6034,-4.6844,0.4348,2.8243,0.1789
201.817,423.0395,160.6054,0.033,0.0002,0.0166,0.0038,0.0358,0.1143,0.4223,0.0064,0.0076,0.0804,0.0337,0.0042,16.3179,0.525,0.7877,-6.816,0.1631,1.9958,0.4155
185.1039,565.2098,74.6957,0.0132,0.0,0.0205,0.0059,0.0596,0.1099,0.5216,0.0407,0.0231,0.0105,0.0172,0.093,29.6958,0.5078,0.704,-4.6661,0.0915,2.0514,0.3875
163.9468,579.7845,75.703,0.0119,0.0002,0.0073,0.0051,0.0223,0.0209,0.1961,0.0377,0.0195,0.0806,0.1648,0.1765,17.6281,0.6496,0.7741,-3.2582,0.3449,3.5086,0.1795
206.1137,378.9001,173.6696,0.0311,0.0001,0.0118,0.0044,0.0524,0.086,1.2667,0.0329,0.0455,0.0957,0.1641,0.1912,9.269,0.2744,0.6343,-4.873,0.4431,2.0747,0.3618
99.0187,389.6291,135.7513,0.0131,0.0001,0.0075,0.0041,0.0509,0.0309,1.2557,0.0223,0.0181,0.0182,0.1681,0.1424,12.2075,0.5567,0.5923,-6.3214,0.3428,2.1507,0.2995
105.8174,559.1088,80.5384,0.0293,0.0002,0.0189,0.0155,0.0569,0.0544,0.5154,0.0424,0.0454,0.1041,0.0865,0.2567,18.7431,0.6272,0.7737,-3.4244,0.371,2.8623,0.299
156.4127,210.1698,138.6056,0.0047,0.0001,0.0037,0.0143,0.0301,0.0324,0.7431,0.044,0.0376,0.026,0.128,0.0643,27.2914,0.5692,0.6852,-3.0286,0.3342,2.3385,0.2912
133.0195,543.7345,196.5702,0.0317,0.0001,0.0179,0.0055,0.0544,0.0444,0.726,0.0487,0.0735,0.102,0.0249,0.1963,17.7593,0.3096,0.702,-3.0136,0.0874,2.5008,0.3789
177.7876,307.3366,172.2298,0.0282,0.0,0.016,0.0165,0.0464,0.0775,0.1093,0.0136,0.0737,0.091,0.0594,0.1609,23.449,0.421,0.6816,-6.7224,0.2564,3.4487,0.3766
190.1795,531.2377,94.8883,0.0202,0.0,0.0172,0.0131,0.0507,0.0342,0.5313,0.0249,0.0736,0.1261,0.1507,0.3048,16.9302,0.6849,0.7182,-5.0346,0.1979,3.038,0.2101
108.037,182.7648,106.9609,0.0302,0.0001,0.0132,0.005,0.0131,0.0624,0.2859,0.0225,0.0712,0.0897,0.0825,0.0591,25.8415,0.434,0.7403,-5.6074,0.106,3.1507,0.2735
90.8357,190.4609,159.956,0.0093,0.0002,0.0008,0.0142,0.0143,0.0498,0.3084,0.0389,0.0062,0.1282,0.0769,0.0558,21.1854,0.5326,0.7086,-5.0794,0.1299,2.3489,0.3951
202.544,236.2747,117.7037,0.0142,0.0001,0.013,0.0065,0.0211,0.0936,0.8043,0.0174,0.0198,0.0237,0.0926,0.1298,19.0678,0.4145,0.7258,-6.5583,0.1511,2.778,0.2185
185.464,563.3387,67.1693,0.0133,0.0001,0.0048,0.0078,0.0503,0.085,0.5775,0.0297,0.0075,0.1376,0.075,0.2128,20.8246,0.3729,0.777,-4.7968,0.1972,3.2113,0.4455
150.4849,438.6651,169.2115,0.0083,0.0002,0.0173,0.0125,0.0201,0.0352,0.9999,0.0482,0.0476,0.0699,0.1627,0.2928,17.1542,0.6698,0.6083,-4.0841,0.373,3.043,0.242
143.3545,415.5404,122.6053,0.0294,0.0001,0.0103,0.019,0.0218,0.0718,1.2194,0.0096,0.0253,0.0885,0.0917,0.1702,12.4483,0.459,0.7538,-3.0845,0.343,3.4119,0.321
108.7735,427.7579,90.1471,0.0236,0.0002,0.0031,0.0071,0.0601,0.0548,0.9943,0.0141,0.026,0.0346,0.1377,0.2184,11.5677,0.4884,0.6256,-6.5797,0.3242,2.5855,0.4362
128.4427,144.0704,152.0455,0.0078,0.0001,0.0059,0.0127,0.0544,0.1078,1.2848,0.0495,0.026,0.0365,0.1056,0.1542,18.0518,0.5021,0.824,-4.6822,0.1807,2.6924,0.4867
168.8931,545.9588,130.8871,0.033,0.0002,0.0039,0.016,0.0567,0.1175,0.997,0.048,0.0291,0.0942,0.1247,0.0236,9.0801,0.6271,0.7066,-6.327,0.1827,2.5361,0.3977
131.143,362.299,108.8032,0.0148,0.0,0.0038,0.0019,0.0178,0.0613,1.1237,0.0513,0.0557,0.071,0.1602,0.2564,23.082,0.2877,0.8043,-2.6526,0.3054,3.4404,0.1582
118.3447,178.8218,98.379,0.0043,0.0002,0.0033,0.0038,0.0041,0.1015,0.4149,0.0555,0.046,0.1251,0.0318,0.3103,27.689,0.6701,0.8068,-5.2488,0.3371,3.4305,0.159
174.3191,245.0608,188.4186,0.0055,0.0002,0.0144,0.0188,0.0642,0.108,0.6282,0.0292,0.0144,0.0418,0.1669,0.0121,16.2369,0.3042,0.7702,-5.7863,0.377,1.7978,0.4749
182.1758,193.2325,69.1828,0.0313,0.0001,0.0032,0.0117,0.0351,0.0726,1.226,0.0318,0.0343,0.0434,0.0446,0.0368,22.8343,0.4672,0.6161,-3.6381,0.1197,2.1792,0.1013
182.4303,196.015,84.5897,0.0198,0.0002,0.0155,0.0082,0.0506,0.0726,0.5546,0.0144,0.0116,0.0789,0.0872,0.0281,18.8098,0.3263,0.617,-6.484,0.244,3.1316,0.4822
115.5935,563.272,89.6544,0.0088,0.0001,0.0088,0.0109,0.0054,0.1124,0.9408,0.0555,0.022,0.0245,0.1404,0.1323,11.8612,0.4346,0.6885,-4.7496,0.2375,2.311,0.4831
194.1676,171.0233,127.601,0.0149,0.0001,0.0184,0.0138,0.0224,0.0113,0.2568,0.0241,0.0179,0.1129,0.0737,0.011,28.0128,0.5912,0.7963,-4.1972,0.1749,2.4179,0.361
97.233,326.6457,187.7427,0.0262,0.0002,0.0119,0.0135,0.0028,0.1168,1.0293,0.0325,0.0668,0.0694,0.0751,0.2607,10.7314,0.3197,0.5832,-5.6053,0.1279,3.0525,0.1733
221.988,349.6413,110.3461,0.0238,0.0002,0.0084,0.0032,0.0247,0.0162,0.363,0.0426,0.0674,0.1167,0.0712,0.1186,29.5665,0.5509,0.7678,-3.3056,0.2721,3.0576,0.1106
113.3357,378.9661,122.6493,0.0026,0.0001,0.0047,0.0157,0.0098,0.0542,0.4688,0.0388,0.0397,0.0365,0.0275,0.0588,29.2115,0.5933,0.7409,-4.0241,0.1604,2.6311,0.1691
168.162,294.2796,91.1759,0.0251,0.0,0.0123,0.0179,0.0525,0.058,0.142,0.0232,0.0477,0.0872,0.1423,0.1189,27.0398,0.5078,0.807,-3.8172,0.4216,1.9536,0.2122
105.2045,584.9058,73.5022,0.0076,0.0,0.0116,0.0049,0.016,0.0741,1.2669,0.0097,0.0153,0.039,0.0427,0.1123,28.1609,0.2961,0.7462,-3.1515,0.3225,3.6364,0.4529
120.357,544.6465,147.1365,0.0302,0.0001,0.0052,0.009,0.0079,0.105,1.0238,0.0141,0.0368,0.0324,0.1061,0.152,26.3154,0.4382,0.7455,-5.8853,0.4298,2.3034,0.4871
149.3821,301.7089,74.5335,0.0107,0.0002,0.019,0.0187,0.0265,0.1138,0.8281,0.0196,0.02,0.0385,0.1692,0.0868,13.5844,0.516,0.7919,-2.91,0.4476,3.0464,0.4237
219.0061,521.9644,131.5981,0.0224,0.0003,0.0138,0.0149,0.0605,0.0264,0.2821,0.056,0.0714,0.1105,0.0604,0.056,18.8275,0.4198,0.8038,-5.0165,0.0953,2.4938,0.3281
179.5706,220.8163,80.1156,0.0036,0.0,0.0053,0.0158,0.051,0.0948,0.1149,0.0358,0.0316,0.0636,0.1592,0.2423,9.7926,0.3961,0.7182,-4.499,0.3006,2.1894,0.4527
194.6385,408.2571,190.9421,0.0022,0.0001,0.0017,0.0047,0.0159,0.0929,0.55,0.0203,0.0657,0.0602,0.1094,0.159,17.2602,0.3968,0.7823,-7.0756,0.41,3.6018,0.2093
124.9319,304.7009,115.5834,0.0148,0.0003,0.0147,0.0153,0.0178,0.0451,1.1271,0.0209,0.0607,0.0587,0.0162,0.063,17.747,0.6167,0.6394,-4.2649,0.1249,3.6425,0.4941
194.937,436.4884,136.5608,0.0193,0.0003,0.0184,0.0085,0.0402,0.1059,0.3946,0.0053,0.027,0.0868,0.1498,0.0565,20.1144,0.5009,0.7382,-2.9666,0.2126,1.9236,0.3053
105.9239,272.932,97.2399,0.0167,0.0002,0.0061,0.0099,0.0362,0.0503,1.2662,0.0326,0.0539,0.0842,0.0726,0.297,14.9017,0.5794,0.7978,-5.3446,0.3596,2.6917,0.4167
200.5455,262.6133,193.1084,0.0322,0.0,0.0118,0.0121,0.0266,0.044,0.8048,0.0089,0.0722,0.0809,0.0446,0.1015,9.5079,0.5191,0.5897,-2.8638,0.1371,3.1229,0.1957
153.8414,447.5917,127.4668,0.0283,0.0001,0.0104,0.007,0.0047,0.0283,1.0868,0.0216,0.0069,0.0131,0.0291,0.0647,23.433,0.5692,0.7833,-3.4885,0.3507,1.9633,0.151
172.2138,169.8175,81.1037,0.0283,0.0001,0.014,0.0059,0.0115,0.0292,0.7576,0.0386,0.0177,0.0658,0.1385,0.3034,27.4502,0.6736,0.582,-4.2527,0.2555,3.4072,0.3563
90.8243,554.5651,90.7061,0.019,0.0002,0.0013,0.0098,0.0423,0.0978,0.9987,0.0066,0.0776,0.1067,0.1578,0.0923,16.7811,0.4816,0.79,-3.2571,0.2039,3.1907,0.4512
102.1006,113.8751,134.3337,0.022,0.0001,0.0145,0.0065,0.0512,0.0993,0.3931,0.0287,0.0158,0.02,0.1256,0.2349,15.0868,0.3556,0.619,-2.9814,0.2268,2.8778,0.366
164.4084,322.9907,72.416,0.0254,0.0,0.0202,0.0028,0.036,0.0981,0.4433,0.0262,0.0273,0.1134,0.0742,0.1917,22.9845,0.3799,0.7451,-6.3791,0.3143,2.0697,0.2525
163.4695,205.3712,161.9757,0.0072,0.0001,0.0214,0.0027,0.0557,0.0416,1.1358,0.018,0.0305,0.062,0.1593,0.0976,19.2705,0.2673,0.7601,-6.1396,0.0957,3.5661,0.4754
180.1822,380.1282,158.5341,0.0036,0.0001,0.021,0.0174,0.0574,0.0609,0.4023,0.009,0.0463,0.0309,0.0347,0.0947,25.7589,0.626,0.6899,-4.1934,0.2982,3.0289,0.4741
153.4574,273.132,183.6051,0.0136,0.0001,0.0202,0.0176,0.0215,0.0517,0.2346,0.0232,0.0619,0.0187,0.0292,0.0342,29.6211,0.6241,0.6828,-4.5803,0.2979,2.8648,0.3892
122.4677,240.689,181.9479,0.0077,0.0002,0.0099,0.0037,0.0551,0.0439,0.1097,0.0264,0.0201,0.0963,0.1019,0.3146,15.5792,0.6738,0.7104,-4.3113,0.1849,3.2391,0.4323
91.4012,541.3389,180.8133,0.022,0.0,0.0185,0.0171,0.0641,0.0109,1.1031,0.0253,0.0434,0.1222,0.1562,0.1518,10.7346,0.3544,0.6108,-5.0008,0.2856,3.5919,0.2384
91.2495,163.3853,87.3046,0.0034,0.0001,0.0066,0.0173,0.0318,0.0765,0.1404,0.0404,0.0433,0.04,0.11,0.0803,22.9041,0.6578,0.6352,-5.725,0.2362,3.2656,0.317
150.7951,304.598,132.9744,0.0304,0.0002,0.0038,0.0191,0.0346,0.0418,0.3014,0.0233,0.0468,0.122,0.1519,0.1204,22.0913,0.58,0.7815,-4.1819,0.1271,2.7627,0.2971
171.6626,525.1376,189.5292,0.0058,0.0001,0.0064,0.0105,0.03,0.1175,0.399,0.0158,0.0537,0.0935,0.1366,0.1146,25.4735,0.2666,0.7958,-5.9833,0.3812,2.793,0.1591
204.409,423.4237,83.2778,0.0308,0.0,0.0065,0.0092,0.0313,0.0361,0.2665,0.035,0.0071,0.0669,0.0739,0.3094,29.3841,0.4374,0.7926,-5.7643,0.2267,2.3649,0.357
144.6152,237.4457,113.3353,0.0314,0.0001,0.0208,0.0052,0.0161,0.0753,0.7598,0.044,0.0256,0.1216,0.0223,0.0222,12.4728,0.4996,0.6772,-3.222,0.3568,3.1337,0.4966
172.4768,311.9684,71.0309,0.0065,0.0001,0.0163,0.0086,0.0641,0.0171,0.739,0.0053,0.0288,0.0767,0.0897,0.0244,28.3992,0.3493,0.6707,-5.462,0.3595,2.9498,0.485
107.0265,181.4282,178.4815,0.0247,0.0002,0.0187,0.0026,0.054,0.0656,1.2171,0.0229,0.0157,0.0456,0.1092,0.1222,23.3403,0.3295,0.6464,-6.0551,0.1764,3.1022,0.237
168.6656,233.2951,68.0227,0.0308,0.0003,0.0193,0.003,0.0525,0.108,0.8499,0.0345,0.0279,0.108,0.0942,0.0357,19.212,0.3197,0.7769,-3.3481,0.4314,2.287,0.4847
117.9337,149.2588,137.0895,0.0184,0.0002,0.0059,0.0077,0.0447,0.0403,1.2603,0.0497,0.0433,0.1182,0.108,0.0031,9.6784,0.3533,0.6838,-5.5092,0.1552,2.7743,0.4447
187.6372,121.3287,177.6337,0.0179,0.0001,0.0064,0.0022,0.0286,0.0516,0.8784,0.0381,0.052,0.118,0.0271,0.2816,17.821,0.3712,0.8047,-6.0663,0.1853,2.6723,0.2061
191.1879,361.7295,86.4394,0.027,0.0,0.0084,0.0014,0.0026,0.1168,0.1961,0.0312,0.0703,0.0864,0.0212,0.2557,28.2913,0.5579,0.727,-5.0049,0.2249,2.1413,0.2507
217.4012,433.2675,114.0862,0.0263,0.0002,0.0095,0.0114,0.0189,0.0138,0.4822,0.019,0.044,0.0688,0.0415,0.2525,16.8398,0.4622,0.5751,-4.1325,0.0662,2.1605,0.2313
222.975,151.0337,151.2365,0.0326,0.0001,0.007,0.0045,0.0456,0.0128,0.5104,0.0403,0.0447,0.0392,0.0581,0.0191,10.9958,0.6718,0.7797,-5.6519,0.0768,2.3118,0.1932
142.7121,161.2492,154.8032,0.0131,0.0002,0.0194,0.0078,0.0078,0.104,0.3647,0.0389,0.0659,0.1283,0.0796,0.0594,8.6155,0.427,0.6498,-4.1144,0.0722,2.9013,0.2351
151.805,553.6295,193.9136,0.0243,0.0003,0.0061,0.0125,0.0531,0.0399,0.6091,0.025,0.0164,0.0986,0.0924,0.0612,26.6516,0.4498,0.6171,-3.0317,0.2238,2.6855,0.2977
178.6903,163.3139,133.2827,0.0108,0.0002,0.013,0.0117,0.0288,0.0476,0.4241,0.0326,0.0155,0.0992,0.0341,0.0088,23.8744,0.3336,0.7493,-4.3207,0.3038,1.788,0.3783
168.4141,309.6972,149.9128,0.0309,0.0001,0.0134,0.0175,0.0254,0.0509,1.1479,0.0096,0.0402,0.0619,0.1244,0.2613,11.1179,0.2887,0.7548,-6.766,0.3984,3.1681,0.1508
209.7328,311.1222,84.3888,0.0125,0.0003,0.001,0.0044,0.0022,0.1027,1.2292,0.0096,0.0142,0.0951,0.1059,0.2143,24.8991,0.654,0.7701,-2.6158,0.1383,2.7975,0.3899
119.4829,213.0752,111.4016,0.007,0.0001,0.0158,0.0186,0.0099,0.1152,0.5032,0.043,0.0669,0.1305,0.11,0.1987,27.6151,0.4699,0.8191,-3.8925,0.0845,1.9321,0.4473
196.6193,514.5731,70.6448,0.005,0.0002,0.0195,0.0038,0.0222,0.0455,0.1569,0.0228,0.0386,0.0441,0.09,0.2852,11.9301,0.4067,0.6666,-5.5794,0.163,3.1647,0.3507
159.3443,456.6176,112.401,0.0052,0.0001,0.0195,0.0053,0.0237,0.0618,1.1531,0.0131,0.0638,0.0679,0.1578,0.1102,27.1755,0.2943,0.8062,-5.2457,0.1839,2.5856,0.0996
116.6895,192.0294,171.2024,0.0218,0.0002,0.0033,0.0068,0.0299,0.0426,0.5644,0.0364,0.0739,0.1111,0.1572,0.0951,27.0364,0.5224,0.6748,-3.0935,0.2823,2.9834,0.1698
221.7198,230.5317,139.2813,0.0064,0.0002,0.0186,0.0048,0.0115,0.096,1.2674,0.0056,0.0374,0.1237,0.1584,0.1119,29.0783,0.542,0.7461,-3.2899,0.1009,2.2614,0.4756
203.3892,356.0218,148.4664,0.0299,0.0,0.0214,0.0025,0.0061,0.0768,1.2493,0.0421,0.0325,0.1266,0.0734,0.0301,10.817,0.3918,0.6454,-3.8721,0.3832,2.5348,0.2632
193.345,583.5916,102.8271,0.0243,0.0001,0.017,0.0192,0.0222,0.0463,0.8779,0.0504,0.0459,0.0658,0.0495,0.2493,11.841,0.3961,0.7181,-6.9212,0.1409,1.9308,0.1668
100.3393,274.048,187.8398,0.0104,0.0001,0.0166,0.0183,0.0188,0.0982,0.6172,0.0131,0.0119,0.1043,0.0289,0.1831,17.0284,0.5313,0.6091,-4.2966,0.0782,2.8907,0.2087
104.9743,562.9436,109.1036,0.0177,0.0002,0.0134,0.0037,0.0041,0.0415,0.5925,0.0407,0.0175,0.0776,0.0347,0.1776,8.7498,0.6436,0.6223,-5.8912,0.3512,2.748,0.1068
161.9205,523.5244,133.0879,0.0238,0.0002,0.0076,0.0014,0.0377,0.0963,0.2542,0.0349,0.0301,0.1197,0.1659,0.1164,25.2014,0.6543,0.6085,-2.5876,0.1044,2.5268,0.1751
149.837,506.2933,78.9375,0.0295,0.0,0.0194,0.0016,0.0241,0.0808,1.0186,0.0094,0.0429,0.1069,0.1525,0.1111,12.8711,0.4555,0.6239,-4.9777,0.1497,3.1276,0.372
184.2142,265.3963,73.001,0.0228,0.0001,0.0009,0.0195,0.0295,0.0173,0.5786,0.0178,0.0282,0.1188,0.1401,0.0396,26.9322,0.5239,0.6257,-4.7468,0.337,3.6526,0.4948
90.6863,119.3893,103.9622,0.0326,0.0003,0.0087,0.0123,0.0089,0.1163,0.451,0.0551,0.0085,0.0633,0.146,0.0163,18.4999,0.3427,0.6699,-6.6297,0.2668,2.8678,0.1242
222.8312,287.0619,111.0725,0.0165,0.0002,0.0121,0.0032,0.049,0.0558,1.1291,0.0499,0.0776,0.0233,0.0996,0.1532,26.9049,0.3224,0.6088,-6.0936,0.4472,2.8613,0.3047
191.68,534.6157,66.2947,0.0249,0.0002,0.0145,0.0107,0.063,0.0857,0.469,0.0503,0.0792,0.1314,0.1164,0.2381,20.5995,0.608,0.6292,-5.0496,0.2751,2.8854,0.1478
91.2751,426.3655,91.9134,0.0277,0.0002,0.0194,0.0019,0.0256,0.0902,0.1842,0.0107,0.0165,0.0874,0.0589,0.1279,22.9951,0.4251,0.705,-4.7093,0.1622,2.3358,0.1821
167.2664,470.3135,133.2662,0.0134,0.0001,0.0082,0.004,0.0476,0.0671,0.92,0.0245,0.0558,0.081,0.1203,0.0606,12.0823,0.6093,0.7608,-2.9363,0.0747,2.6565,0.2075
164.1243,234.1988,183.918,0.0117,0.0001,0.0139,0.0066,0.0048,0.0822,0.7474,0.0526,0.0083,0.0302,0.0487,0.2165,17.7135,0.315,0.6654,-5.3944,0.1033,2.537,0.441
147.2688,146.6097,132.9374,0.0129,0.0001,0.0013,0.0184,0.041,0.0193,0.4908,0.0477,0.0635,0.0859,0.155,0.0175,15.1233,0.5349,0.7024,-3.2534,0.1616,2.6251,0.4542
118.2524,173.1392,72.4529,0.0181,0.0001,0.0198,0.0104,0.0503,0.0421,0.4809,0.0168,0.0685,0.0751,0.0301,0.0242,27.3161,0.519,0.6134,-4.8339,0.2098,3.1599,0.1375
180.7862,432.1257,94.1426,0.0091,0.0,0.0164,0.0176,0.0123,0.0917,0.9113,0.0227,0.031,0.0466,0.0676,0.1542,22.5309,0.5081,0.7621,-6.3264,0.0867,1.7741,0.3652
180.2055,287.9802,183.873,0.0322,0.0002,0.0077,0.0109,0.0391,0.0368,0.7183,0.0357,0.0358,0.048,0.0993,0.0957,14.7478,0.5357,0.726,-3.962,0.1139,3.3493,0.0982
187.2842,223.853,87.6219,0.0299,0.0001,0.0059,0.0057,0.0364,0.0115,0.1527,0.0307,0.0063,0.0548,0.117,0.1854,24.3633,0.2812,0.7259,-4.1367,0.169,2.7349,0.2162
176.0719,261.4103,153.3883,0.0302,0.0002,0.0111,0.0188,0.0215,0.08,0.1123,0.0081,0.0116,0.1297,0.0218,0.0656,10.7453,0.5204,0.6199,-4.9473,0.1183,2.3527,0.1058
131.2778,463.4014,126.5125,0.014,0.0001,0.0028,0.014,0.041,0.0621,0.596,0.0535,0.0417,0.0244,0.1015,0.2486,22.7453,0.6223,0.7192,-3.9137,0.3958,2.42,0.4946
139.4192,346.2433,197.8951,0.0253,0.0002,0.0079,0.0103,0.0629,0.0307,0.6513,0.0114,0.0236,0.115,0.049,0.184,19.8813,0.3642,0.7485,-6.7263,0.1585,3.5407,0.2847
101.5013,545.5054,149.3242,0.0146,0.0003,0.0018,0.0125,0.0581,0.0353,0.7344,0.0276,0.0175,0.0376,0.133,0.0504,19.7337,0.6118,0.8056,-5.3121,0.4066,3.0758,0.386
197.4621,542.9051,107.1475,0.0119,0.0002,0.0023,0.016,0.0335,0.0539,0.8405,0.0316,0.0342,0.1066,0.1408,0.0476,10.8843,0.461,0.5928,-3.6137,0.396,3.2525,0.234
153.3879,554.9542,104.8469,0.0257,0.0002,0.0158,0.0171,0.0233,0.0494,0.9188,0.0389,0.0597,0.0354,0.1629,0.2374,9.9693,0.6638,0.7117,-4.0215,0.0791,2.9724,0.0955
205.7239,434.2192,73.2364,0.0298,0.0001,0.0196,0.0194,0.0279,0.0388,1.1044,0.056,0.0497,0.0383,0.124,0.1621,12.6129,0.3278,0.7485,-3.3202,0.2601,1.8318,0.4227
107.3106,284.9388,115.3207,0.006,0.0,0.0169,0.0135,0.0124,0.0388,0.5746,0.0249,0.0147,0.0744,0.031,0.0777,14.015,0.3531,0.5908,-6.5812,0.4086,2.1594,0.3005
155.897,341.2875,101.5453,0.0185,0.0002,0.0081,0.0017,0.0313,0.0577,1.1842,0.0333,0.0669,0.014,0.1394,0.2242,28.1561,0.2966,0.5873,-2.5928,0.3014,2.7266,0.3757
169.9087,373.9039,105.8595,0.0053,0.0001,0.004,0.009,0.0427,0.0252,1.287,0.0485,0.0289,0.1275,0.149,0.168,28.6492,0.4333,0.5793,-6.9499,0.4171,2.5048,0.378
116.7436,333.9147,148.3607,0.0274,0.0001,0.0034,0.0077,0.0087,0.0957,0.1617,0.0078,0.0315,0.0217,0.0985,0.2066,18.1431,0.4132,0.6951,-4.8792,0.2715,3.2015,0.4105
104.3535,285.4436,96.0891,0.023,0.0,0.0138,0.004,0.0538,0.0877,0.4226,0.0525,0.0413,0.0982,0.0943,0.1183,14.2094,0.468,0.6973,-5.1847,0.3779,1.8257,0.3438
188.8633,296.7965,93.6039,0.0232,0.0001,0.0162,0.0177,0.0439,0.082,0.3432,0.0296,0.0283,0.0953,0.0834,0.1429,12.0246,0.5986,0.6053,-5.3401,0.0696,2.0169,0.1095
122.069,104.5057,170.8887,0.033,0.0001,0.004,0.0021,0.0572,0.0217,0.1481,0.0307,0.043,0.0421,0.164,0.2593,8.5346,0.3927,0.6587,-2.7193,0.1275,2.8573,0.5063
170.0619,426.7694,80.5224,0.0041,0.0001,0.0169,0.0023,0.0219,0.1043,0.9509,0.008,0.0087,0.1297,0.1516,0.2283,28.6577,0.5286,0.7052,-5.7314,0.0777,2.5249,0.4059
173.3965,270.7179,102.0594,0.0045,0.0001,0.0132,0.0058,0.0451,0.0995,0.7779,0.0562,0.0364,0.0902,0.1598,0.0203,24.2931,0.4465,0.8069,-5.3149,0.1164,2.2732,0.1083
100.2693,294.7365,78.2318,0.016,0.0003,0.0043,0.0183,0.0578,0.0382,0.8581,0.0262,0.0322,0.0611,0.1604,0.2957,26.1606,0.6023,0.5864,-5.0101,0.1862,3.5293,0.1263
132.8313,169.562,135.9542,0.0267,0.0001,0.015,0.0189,0.0407,0.0151,0.3694,0.047,0.0152,0.092,0.04,0.2008,23.1443,0.6259,0.7265,-4.8609,0.2434,2.064,0.4302
124.846,382.4689,153.8043,0.0058,0.0,0.0209,0.0186,0.0208,0.0584,0.7139,0.0263,0.0361,0.0744,0.1305,0.2802,13.8429,0.3176,0.7568,-4.8962,0.27,2.4447,0.3144
204.3816,154.4591,83.0229,0.0273,0.0002,0.0024,0.0172,0.0441,0.0356,1.1169,0.0543,0.0712,0.0161,0.052,0.299,21.3043,0.5097,0.6612,-4.3883,0.1073,2.0221,0.374
94.2425,471.6729,156.2224,0.0221,0.0001,0.0078,0.0116,0.0616,0.1183,0.6347,0.0372,0.0592,0.0903,0.1028,0.2726,12.7443,0.4054,0.6223,-4.0665,0.2997,1.9153,0.1867
184.3305,518.0703,73.912,0.0178,0.0003,0.0144,0.004,0.0084,0.1087,0.7623,0.0239,0.0493,0.011,0.1301,0.2613,14.0357,0.5193,0.7315,-6.67,0.402,2.9774,0.3921
222.6853,368.1856,195.1231,0.0263,0.0002,0.0155,0.018,0.0154,0.0331,0.2996,0.0495,0.0787,0.0168,0.0404,0.1013,22.4527,0.5508,0.7688,-3.1383,0.2593,3.3495,0.2686
141.4051,566.0913,124.1451,0.0066,0.0002,0.008,0.0176,0.0298,0.0816,1.1051,0.0382,0.0448,0.1106,0.0483,0.2094,26.4727,0.4754,0.6623,-6.7806,0.1074,2.8756,0.1227
169.582,361.6853,102.9657,0.033,0.0001,0.0208,0.0104,0.0168,0.0699,1.2723,0.0443,0.068,0.0951,0.037,0.2236,11.2277,0.6231,0.7309,-3.7121,0.4432,1.8986,0.1836
89.0147,434.8238,88.5256,0.0201,0.0002,0.0136,0.0185,0.0289,0.0986,0.961,0.0368,0.0364,0.0815,0.1393,0.1017,8.794,0.2759,0.5905,-4.6617,0.45,2.5263,0.4471
183.1896,454.4257,196.2383,0.0268,0.0002,0.0099,0.0057,0.0064,0.0201,1.1294,0.0342,0.0239,0.1329,0.1036,0.2462,23.6569,0.316,0.7219,-5.7524,0.3357,2.1677,0.1644
193.4815,520.8183,122.1909,0.014,0.0002,0.0171,0.0143,0.0071,0.0297,1.0735,0.0402,0.0137,0.0615,0.1653,0.1874,18.1847,0.587,0.6365,-5.5182,0.2197,1.9659,0.3877
146.609,259.1053,135.4143,0.0134,0.0001,0.0179,0.0076,0.0556,0.0684,0.8134,0.0241,0.0478,0.13,0.1374,0.1533,26.8286,0.5768,0.6602,-3.55,0.3509,1.7701,0.3055
112.3643,360.5431,94.7258,0.0219,0.0,0.0207,0.0091,0.0555,0.0674,0.6971,0.0453,0.0224,0.0287,0.0832,0.0471,10.0231,0.379,0.8108,-6.9432,0.296,1.8504,0.1707
163.5301,382.7027,184.3199,0.0316,0.0001,0.0083,0.0084,0.011,0.1019,1.1305,0.0358,0.0357,0.1361,0.0699,0.2459,18.9196,0.5075,0.7631,-6.7991,0.1753,2.9825,0.2393
102.1525,562.6952,118.1237,0.0301,0.0002,0.0123,0.0059,0.003,0.0659,0.5744,0.0072,0.0686,0.086,0.0588,0.0971,21.4046,0.5455,0.7135,-5.938,0.0877,3.1119,0.4059
112.5237,108.0421,108.9204,0.0119,0.0003,0.0192,0.0011,0.0223,0.0577,0.9266,0.0205,0.044,0.0156,0.0624,0.2527,29.0068,0.4046,0.7612,-3.713,0.1148,3.0698,0.2167
95.3041,457.8769,129.6663,0.0183,0.0,0.0007,0.012,0.0352,0.0217,0.8546,0.0359,0.0513,0.1047,0.0889,0.2334,26.865,0.3322,0.7289,-2.7528,0.3179,2.4513,0.4192
208.1869,377.7286,154.7716,0.0087,0.0002,0.0038,0.0118,0.025,0.0526,0.1662,0.0443,0.0744,0.1271,0.1052,0.1907,25.5247,0.4553,0.7813,-4.0075,0.1813,3.0808,0.4393
165.5638,212.3364,167.0947,0.003,0.0,0.0049,0.0098,0.004,0.0165,0.1338,0.0291,0.049,0.0482,0.1438,0.064,20.4579,0.642,0.7719,-6.6007,0.3217,3.1534,0.1352
117.5381,164.3792,82.8182,0.0031,0.0001,0.0184,0.0085,0.0316,0.0592,1.0836,0.0204,0.0495,0.0103,0.1504,0.0678,13.0318,0.3363,0.6701,-2.7639,0.2792,2.3746,0.1593
191.9489,200.844,109.2776,0.0136,0.0001,0.0077,0.0011,0.0466,0.0547,0.7367,0.0075,0.0376,0.0338,0.0489,0.2244,8.6972,0.4026,0.7382,-2.6471,0.3544,3.0602,0.3057
187.6189,103.4438,183.792,0.0066,0.0001,0.0148,0.0014,0.0457,0.028,1.1944,0.0047,0.047,0.0403,0.1342,0.038,23.4982,0.5129,0.8221,-4.1417,0.2632,2.3051,0.2099
141.585,493.2283,183.9067,0.0063,0.0002,0.0137,0.0102,0.0553,0.0126,1.2932,0.0319,0.0764,0.0372,0.0425,0.2014,8.9412,0.5001,0.6857,-5.6747,0.1828,1.8862,0.2241
197.6586,365.5584,78.7034,0.0285,0.0001,0.0192,0.0088,0.0334,0.0401,0.7749,0.0341,0.0469,0.1275,0.0992,0.1564,22.7936,0.6595,0.7331,-5.0923,0.1993,3.0658,0.28
195.3627,259.8089,121.6224,0.0122,0.0001,0.0009,0.0132,0.0139,0.0626,0.2637,0.0179,0.0783,0.1265,0.1665,0.0673,16.411,0.5003,0.6238,-3.7,0.0748,2.3669,0.4095
163.5567,432.5253,106.3918,0.0105,0.0003,0.0193,0.0097,0.0503,0.1132,0.2582,0.0088,0.0567,0.0656,0.1358,0.1187,27.2204,0.6424,0.5767,-6.1021,0.0836,2.3096,0.2232
161.1424,362.8927,68.9683,0.0109,0.0,0.0181,0.0055,0.0448,0.0534,0.843,0.0161,0.0257,0.0388,0.1332,0.0881,11.9208,0.2963,0.6518,-3.7446,0.4057,3.6257,0.2636
126.482,452.4008,111.6766,0.029,0.0002,0.001,0.006,0.0191,0.0684,1.0689,0.0193,0.0316,0.076,0.0559,0.0537,16.9481,0.6506,0.68,-5.8864,0.1538,3.3444,0.1572
172.0856,113.5898,185.9623,0.0232,0.0002,0.019,0.0106,0.0454,0.1108,1.2298,0.0174,0.0556,0.025,0.0429,0.0085,23.8514,0.3585,0.5936,-6.9396,0.3458,2.9633,0.3414
122.7703,576.5934,71.6856,0.0118,0.0002,0.0133,0.0155,0.0329,0.0584,1.058,0.0217,0.0451,0.0193,0.0452,0.2236,26.5959,0.3841,0.7415,-3.2025,0.4249,3.4252,0.464
218.72,545.4131,132.3914,0.0108,0.0001,0.021,0.0019,0.0224,0.0128,0.7915,0.0413,0.0388,0.1037,0.1141,0.2068,14.4412,0.3536,0.7626,-6.1745,0.2363,2.8348,0.1783
162.7504,225.5937,198.0041,0.0169,0.0001,0.005,0.0139,0.0235,0.0389,0.1446,0.0384,0.0161,0.013,0.1358,0.0465,28.5372,0.353,0.8039,-5.8946,0.0681,3.4975,0.3169
198.4185,523.7272,86.2828,0.0261,0.0002,0.018,0.0186,0.0467,0.0393,1.1153,0.0499,0.0407,0.0519,0.1445,0.096,12.9271,0.4193,0.6506,-3.1102,0.1624,2.1195,0.1172
162.772,105.8659,102.8834,0.0272,0.0,0.0198,0.0035,0.0344,0.0634,0.211,0.0557,0.0208,0.0773,0.1431,0.2466,25.1902,0.2859,0.6089,-6.548,0.2957,2.1957,0.3991
121.5818,384.5065,81.2687,0.0064,0.0002,0.0176,0.0011,0.0632,0.0328,0.5988,0.0061,0.0656,0.0742,0.1534,0.1458,12.9682,0.306,0.7488,-5.87,0.3706,2.4036,0.4959
173.2595,364.6267,108.6424,0.0263,0.0001,0.0114,0.0147,0.0454,0.0831,0.484,0.0203,0.0291,0.0596,0.1589,0.1963,27.4847,0.6558,0.7609,-2.8708,0.2486,2.813,0.3786
171.8814,406.8752,157.1372,0.0196,0.0,0.006,0.0182,0.0607,0.0403,0.7791,0.0504,0.0169,0.1281,0.1199,0.2416,15.2651,0.43,0.7176,-3.6905,0.276,3.4671,0.3757
146.5263,486.9084,79.3171,0.0078,0.0002,0.0055,0.0175,0.0235,0.0572,0.2091,0.0378,0.0143,0.1017,0.0881,0.1669,10.4316,0.6379,0.7736,-6.7976,0.4277,3.0813,0.3083
90.1229,335.0111,133.8182,0.0184,0.0001,0.0123,0.0126,0.0397,0.0198,0.7003,0.0091,0.0772,0.131,0.0473,0.1318,10.0575,0.6148,0.7378,-5.8844,0.0869,1.9414,0.2533
149.7902,528.7659,163.7988,0.033,0.0,0.0072,0.0039,0.0631,0.0851,1.0436,0.0403,0.0241,0.0825,0.0714,0.2049,25.8543,0.5702,0.749,-2.6746,0.1588,2.4202,0.5041
197.7917,455.1972,178.0916,0.0063,0.0001,0.0198,0.0091,0.0384,0.0939,0.7835,0.0461,0.0484,0.0587,0.067,0.0119,15.1358,0.5833,0.5886,-4.9462,0.1057,2.9628,0.2579
117.5251,161.1673,93.1864,0.0116,0.0001,0.0028,0.003,0.0385,0.0463,0.3411,0.0487,0.0713,0.0588,0.1238,0.2797,29.7893,0.3346,0.7906,-3.4828,0.132,2.1897,0.1874
178.9167,383.2102,77.159,0.0309,0.0,0.0133,0.0189,0.0217,0.0608,0.3948,0.026,0.0784,0.058,0.0987,0.0585,23.2789,0.4567,0.8118,-4.6269,0.3496,2.823,0.2552
166.0357,248.3309,127.1408,0.0246,0.0001,0.0135,0.006,0.015,0.0253,0.8298,0.0267,0.0246,0.0661,0.0667,0.2757,21.8693,0.3683,0.8044,-5.8555,0.4037,3.0638,0.4765
142.1164,553.8542,175.7198,0.0306,0.0002,0.0198,0.0083,0.0158,0.0532,0.739,0.0125,0.0223,0.0125,0.0911,0.1021,19.7408,0.4229,0.7537,-5.9035,0.2247,2.9213,0.4163
188.3833,306.914,197.4672,0.002,0.0,0.0177,0.0157,0.0326,0.0963,0.696,0.0312,0.0286,0.1005,0.0702,0.0966,11.7166,0.665,0.5809,-5.9491,0.3565,2.3234,0.3722
110.1276,575.6319,165.8602,0.0052,0.0001,0.0036,0.0087,0.0539,0.0575,0.7743,0.0404,0.0566,0.0449,0.13,0.1263,12.8538,0.5646,0.5746,-4.5568,0.4443,2.0868,0.3784
202.5071,415.3826,133.2579,0.0067,0.0001,0.0067,0.0176,0.0621,0.0448,0.7244,0.0525,0.0546,0.0303,0.1629,0.0284,26.1117,0.3615,0.648,-5.0234,0.1306,2.1073,0.1648
139.7184,453.8596,191.0099,0.0274,0.0002,0.0181,0.0015,0.0632,0.0462,0.6298,0.0346,0.0622,0.0125,0.0992,0.126,10.2523,0.4433,0.7803,-2.4851,0.4504,1.818,0.1112
145.0086,521.9635,125.2942,0.0279,0.0002,0.0123,0.0092,0.0264,0.0556,1.0637,0.0088,0.0419,0.0135,0.0873,0.0532,20.3941,0.3299,0.6314,-4.9571,0.1117,3.2927,0.1303
163.83,486.7918,165.836,0.0123,0.0003,0.0083,0.0028,0.008,0.0655,0.6994,0.0269,0.0172,0.0156,0.0938,0.0743,12.348,0.3344,0.6432,-6.6274,0.3962,1.955,0.3553
149.6337,132.44,157.4754,0.0163,0.0002,0.0011,0.0195,0.0253,0.0312,0.7326,0.0543,0.0148,0.0246,0.0477,0.2292,21.1104,0.4633,0.5791,-6.1757,0.109,2.5222,0.1494
186.1997,222.7326,127.8814,0.0274,0.0002,0.006,0.017,0.0545,0.0957,1.0602,0.0487,0.0499,0.1298,0.0758,0.0802,24.1492,0.336,0.7265,-3.6484,0.0979,3.3288,0.126
110.7915,471.6238,68.2959,0.0236,0.0001,0.0194,0.013,0.0234,0.111,0.6886,0.0495,0.0321,0.0767,0.0564,0.0648,28.3707,0.3649,0.6378,-3.9203,0.414,2.7018,0.2887
152.8055,129.3344,156.1269,0.0302,0.0001,0.0182,0.0111,0.0041,0.0323,0.3521,0.0304,0.012,0.0201,0.103,0.1348,29.3619,0.5985,0.8229,-3.4609,0.143,2.4577,0.3937
211.9559,548.3887,83.2668,0.0048,0.0,0.0193,0.0026,0.0327,0.0966,0.8727,0.0299,0.0326,0.0538,0.1535,0.1868,19.5387,0.6255,0.7674,-2.9195,0.1492,2.3064,0.3072
127.8288,450.3121,90.8419,0.0263,0.0002,0.0122,0.0151,0.0275,0.1088,1.0406,0.0427,0.0507,0.0326,0.1026,0.0337,10.5262,0.5063,0.7956,-3.8797,0.2532,1.9364,0.4762
149.2129,226.0628,153.0718,0.0097,0.0001,0.0185,0.0139,0.0444,0.0227,1.1525,0.0083,0.0241,0.048,0.0951,0.2378,29.4776,0.6432,0.7874,-3.3948,0.1895,2.896,0.2228
219.1935,170.6676,121.026,0.0044,0.0,0.0209,0.0051,0.0254,0.0665,1.0015,0.0435,0.0232,0.0898,0.0437,0.2998,19.5364,0.4242,0.672,-6.7765,0.1795,2.8608,0.1116
155.3494,508.4333,98.4868,0.0248,0.0001,0.0056,0.0157,0.0459,0.042,1.081,0.0169,0.0545,0.0299,0.1461,0.2255,21.4364,0.504,0.5922,-6.2823,0.4235,3.3196,0.5213
119.4348,522.5729,177.9479,0.0256,0.0003,0.0155,0.0068,0.0492,0.0858,1.1359,0.038,0.0596,0.0525,0.0579,0.1914,23.6444,0.6788,0.6964,-4.5184,0.3696,2.7714,0.1607
88.8774,300.8749,97.3436,0.0257,0.0003,0.002,0.0169,0.0212,0.0328,0.2344,0.0258,0.0516,0.0468,0.1322,0.053,20.1317,0.3225,0.7694,-5.7345,0.2593,3.3054,0.1911
181.9388,192.8376,81.8537,0.006,0.0002,0.0104,0.0072,0.0075,0.1135,0.8906,0.0218,0.0129,0.1048,0.0155,0.1993,27.0436,0.4953,0.6508,-7.0145,0.128,3.2829,0.4257
171.0657,360.8967,96.771,0.0093,0.0002,0.0209,0.0192,0.0401,0.114,0.424,0.0055,0.0318,0.0293,0.1028,0.3021,29.7341,0.4058,0.7439,-6.4564,0.0958,3.2472,0.2009
89.6959,353.879,101.2679,0.0322,0.0002,0.0052,0.0165,0.012,0.0103,0.5559,0.0529,0.0164,0.0369,0.1094,0.1628,20.0877,0.582,0.6402,-5.9555,0.2849,2.0692,0.461
203.1207,435.8615,155.3884,0.0047,0.0002,0.0203,0.0186,0.0492,0.0641,0.737,0.0303,0.0142,0.1048,0.0763,0.0799,14.2838,0.5025,0.5761,-6.8359,0.0653,2.4988,0.1884
168.4837,506.2626,92.5993,0.0227,0.0002,0.0099,0.0144,0.0344,0.1079,0.9311,0.0505,0.0151,0.0096,0.0218,0.0082,14.0765,0.6244,0.7773,-5.75,0.2399,3.3169,0.1233
211.0973,166.9783,95.8,0.0098,0.0002,0.0031,0.0025,0.0459,0.018,1.2963,0.0111,0.0191,0.0299,0.0972,0.1298,8.5002,0.5007,0.7207,-6.8735,0.2756,1.8334,0.3777
141.0667,407.3065,96.8868,0.005,0.0001,0.0204,0.0131,0.0503,0.0909,0.3293,0.0359,0.0282,0.0187,0.1218,0.2332,16.0702,0.6163,0.6712,-5.2713,0.4403,2.9364,0.1158
150.7622,414.6855,155.1683,0.0106,0.0001,0.0117,0.0059,0.0378,0.0749,1.1653,0.0545,0.0246,0.126,0.0484,0.1286,10.5808,0.4647,0.7885,-4.2123,0.1282,2.8613,0.4156
160.4907,353.505,188.0256,0.02,0.0,0.0191,0.0055,0.063,0.0883,1.2391,0.0511,0.0114,0.0511,0.0783,0.2207,13.1877,0.652,0.7393,-3.9148,0.3303,2.5801,0.4819
93.8174,468.1479,125.8137,0.0268,0.0002,0.0102,0.0132,0.0107,0.0263,0.497,0.0221,0.0416,0.0287,0.09,0.1522,11.5554,0.31,0.7559,-2.6147,0.1762,2.5715,0.2099
191.688,311.3424,70.1992,0.0245,0.0003,0.0137,0.0059,0.0255,0.0436,1.0219,0.0219,0.0378,0.056,0.0591,0.3038,9.7432,0.4972,0.5826,-6.3947,0.22,2.1484,0.4704
159.655,295.1045,88.1439,0.0143,0.0001,0.0209,0.0119,0.0314,0.0737,1.2087,0.0333,0.0631,0.0664,0.0655,0.1843,19.8117,0.6218,0.7798,-5.6249,0.1621,2.6207,0.1131
200.5395,371.3932,181.8421,0.0129,0.0001,0.0209,0.0119,0.0062,0.0306,0.7584,0.0275,0.0183,0.0538,0.1606,0.1394,28.3345,0.5721,0.8158,-3.4605,0.0639,2.1201,0.4756
98.9113,438.671,112.3002,0.0285,0.0,0.0026,0.0083,0.0511,0.0799,0.4956,0.0335,0.0744,0.0128,0.0571,0.0324,9.8945,0.397,0.7465,-4.2643,0.2042,2.6688,0.1521
144.9923,195.5439,83.7182,0.0098,0.0001,0.0111,0.0173,0.0392,0.0196,0.1032,0.0057,0.0425,0.0636,0.1049,0.0322,14.6425,0.3015,0.7812,-3.896,0.1326,2.3229,0.4837
96.5707,187.3078,171.9175,0.0263,0.0001,0.0113,0.0186,0.0114,0.0673,0.6447,0.0455,0.0489,0.131,0.0224,0.0945,23.2848,0.2976,0.8022,-5.1874,0.3693,2.57,0.3611
207.5133,412.7646,151.8807,0.0269,0.0002,0.0063,0.0168,0.0545,0.091,0.2344,0.005,0.0274,0.1218,0.1442,0.1016,15.3575,0.4451,0.7492,-6.7972,0.1004,3.444,0.1135
160.4431,342.5191,170.0182,0.0242,0.0002,0.009,0.0182,0.0591,0.0862,0.6825,0.0242,0.0373,0.0838,0.0216,0.1865,20.1491,0.6343,0.7412,-4.5702,0.065,2.7612,0.3551
97.849,576.7392,67.4404,0.0274,0.0002,0.0058,0.002,0.0441,0.0991,1.2149,0.0553,0.0316,0.0531,0.0906,0.2759,9.8256,0.6031,0.7889,-6.0216,0.262,2.662,0.4334
132.3359,195.5526,193.2132,0.0054,0.0,0.013,0.0119,0.0215,0.0953,0.3321,0.0191,0.0442,0.0661,0.1117,0.0489,10.369,0.3002,0.6288,-4.8322,0.405,3.3216,0.3044
94.8934,229.4546,160.5294,0.0158,0.0002,0.009,0.0045,0.0078,0.0588,1.0358,0.0523,0.031,0.062,0.1242,0.0043,27.3928,0.5225,0.8208,-6.4834,0.2677,2.0776,0.2359
180.4745,367.3204,68.2117,0.0278,0.0001,0.0121,0.0132,0.0394,0.1123,1.0524,0.0143,0.0334,0.1102,0.1686,0.0949,12.585,0.3265,0.6039,-3.2818,0.3302,2.6513,0.302
126.5814,297.5291,148.3078,0.0322,0.0001,0.0164,0.0177,0.003,0.0929,0.8829,0.0213,0.0488,0.077,0.143,0.1422,27.6044,0.4077,0.8059,-5.0692,0.2202,2.2882,0.1115
97.4224,312.7292,118.0491,0.0066,0.0001,0.009,0.0023,0.0156,0.038,1.2875,0.0103,0.0305,0.1091,0.1358,0.207,25.9538,0.4563,0.6799,-2.7463,0.2682,2.935,0.3141
207.893,535.8999,146.843,0.0278,0.0,0.0088,0.0096,0.0495,0.1108,0.9798,0.0056,0.0188,0.096,0.0531,0.2174,29.5557,0.4817,0.7104,-3.9171,0.1525,3.3667,0.1335
186.1914,325.909,162.8326,0.0165,0.0,0.0042,0.0012,0.0137,0.0687,0.3141,0.0427,0.0406,0.112,0.1259,0.0557,27.7826,0.385,0.6558,-5.551,0.2082,1.9983,0.3616
174.6965,463.235,90.3539,0.0158,0.0001,0.0127,0.0057,0.0276,0.085,1.0746,0.0387,0.0219,0.0847,0.0548,0.0536,20.6015,0.6202,0.673,-6.0327,0.3638,2.0535,0.2829
156.7679,152.6079,85.8969,0.0162,0.0001,0.0095,0.0041,0.0172,0.0704,0.5864,0.0231,0.0166,0.1066,0.0887,0.2775,26.8865,0.4077,0.6831,-6.6323,0.4358,2.6374,0.2664
126.4162,363.2344,173.5744,0.0161,0.0002,0.019,0.0145,0.0384,0.105,0.8131,0.0137,0.0259,0.0743,0.0585,0.0466,27.2105,0.4173,0.7496,-7.1133,0.4476,2.9415,0.4158
180.0499,433.5425,104.2049,0.011,0.0002,0.0071,0.0124,0.0072,0.0432,0.6347,0.0471,0.035,0.1354,0.1549,0.2186,8.9958,0.3148,0.8242,-2.9929,0.4201,3.5628,0.5089
152.407,343.6463,85.1886,0.0044,0.0002,0.0083,0.0074,0.0358,0.0203,1.2105,0.0066,0.0157,0.0806,0.0202,0.0562,21.5856,0.6661,0.6062,-6.8201,0.088,2.1825,0.1269
214.9533,362.1535,129.4831,0.0313,0.0001,0.0151,0.0146,0.0263,0.0305,0.9161,0.039,0.0171,0.0419,0.0973,0.3022,28.7812,0.517,0.7572,-6.8522,0.0789,1.9043,0.3833
177.6318,198.329,174.0481,0.0028,0.0002,0.0037,0.0063,0.0281,0.0818,0.0937,0.0103,0.0472,0.013,0.1528,0.0293,15.9065,0.6829,0.8236,-6.7807,0.4109,2.5155,0.1802
147.9132,457.2548,177.3908,0.0225,0.0003,0.0183,0.0194,0.0125,0.045,0.3901,0.0123,0.0308,0.0752,0.1292,0.301,12.9032,0.5283,0.5787,-2.832,0.2617,2.7634,0.2967
99.8791,525.3491,66.2727,0.0091,0.0001,0.0143,0.0028,0.032,0.0213,0.5162,0.044,0.0271,0.072,0.0982,0.1412,19.0043,0.3304,0.6221,-5.4322,0.4376,3.2886,0.4414
115.8313,220.0659,112.29,0.0091,0.0002,0.0029,0.011,0.0355,0.1155,0.9669,0.0534,0.0554,0.0916,0.0447,0.3054,20.8958,0.4687,0.654,-5.5249,0.3304,1.8983,0.1294
123.6473,520.4541,82.5397,0.0219,0.0001,0.0022,0.0064,0.0501,0.0279,0.4329,0.0248,0.0755,0.1019,0.0157,0.1908,29.4556,0.6241,0.6196,-3.8486,0.249,2.106,0.1482
160.7512,507.053,121.9356,0.0251,0.0001,0.002,0.0168,0.0477,0.0234,1.1164,0.0474,0.0511,0.0107,0.1113,0.3041,19.0287,0.3981,0.8026,-5.0977,0.3154,2.6891,0.223
209.7812,456.2888,156.7733,0.0199,0.0002,0.0016,0.0061,0.0542,0.0217,0.9357,0.046,0.0591,0.0403,0.1436,0.047,9.7074,0.5632,0.6419,-4.414,0.4038,2.5101,0.4142
102.8265,480.3855,149.3149,0.0151,0.0,0.0172,0.005,0.0589,0.06,1.096,0.0512,0.0502,0.0992,0.1382,0.0182,11.1391,0.3082,0.7173,-5.3358,0.0713,3.1981,0.1062
127.9106,504.4566,133.6459,0.0072,0.0001,0.0117,0.0129,0.0424,0.0183,1.0061,0.0359,0.0445,0.0627,0.0227,0.2698,13.9867,0.3817,0.7936,-6.0594,0.199,3.1393,0.2484
172.2721,139.2219,197.1449,0.0041,0.0002,0.0214,0.0049,0.0071,0.0184,0.3782,0.0234,0.0063,0.0443,0.0705,0.2051,16.8708,0.655,0.7295,-6.1982,0.3886,2.5868,0.4831
207.385,207.7237,83.2822,0.007,0.0001,0.0102,0.0193,0.0256,0.0693,0.2185,0.0497,0.0427,0.0277,0.146,0.0098,13.1522,0.4016,0.7372,-5.2396,0.0801,2.1026,0.1668
115.1923,419.2923,93.5492,0.0318,0.0002,0.0036,0.0026,0.0558,0.0109,0.9722,0.0488,0.0345,0.0691,0.1244,0.1457,18.6939,0.2742,0.59,-4.4821,0.414,2.9587,0.2416
209.5035,350.5366,94.9765,0.0027,0.0,0.0166,0.0062,0.0348,0.0602,0.3891,0.0476,0.0443,0.1124,0.1134,0.2829,13.9733,0.5303,0.6665,-5.5459,0.369,1.8513,0.2382
180.9651,216.6099,188.2347,0.0266,0.0002,0.007,0.0103,0.0432,0.0343,0.8395,0.0201,0.0267,0.1274,0.0818,0.2045,26.9244,0.4035,0.7754,-5.0106,0.4084,2.9196,0.3606
146.3467,537.7353,116.9066,0.0068,0.0001,0.0201,0.009,0.0106,0.1166,0.6611,0.0205,0.0477,0.0558,0.1669,0.0813,21.5262,0.4016,0.7558,-3.4241,0.1091,2.6121,0.1328
111.0696,541.0123,86.4119,0.0097,0.0001,0.0093,0.014,0.0535,0.0271,0.1576,0.0564,0.0322,0.108,0.0802,0.2561,25.2958,0.4747,0.7296,-4.4243,0.4006,2.3354,0.3133
222.3782,201.4304,196.487,0.0115,0.0001,0.0092,0.0057,0.0515,0.0488,1.1105,0.0426,0.0267,0.0248,0.0248,0.1543,9.5019,0.4379,0.6627,-5.9756,0.3927,3.528,0.4712
200.8015,329.232,173.9246,0.0263,0.0002,0.0152,0.0032,0.0387,0.0908,1.214,0.0388,0.0315,0.1051,0.0765,0.0851,11.0456,0.4535,0.6229,-4.2355,0.1006,2.4759,0.229
100.3758,278.5408,129.962,0.007,0.0,0.0026,0.009,0.011,0.013,1.1612,0.0342,0.0233,0.1295,0.0635,0.1011,19.0666,0.6585,0.6955,-6.8632,0.3828,2.8575,0.46
185.6253,515.1672,177.3718,0.0248,0.0001,0.0028,0.0056,0.0355,0.0418,0.9759,0.0287,0.0542,0.0975,0.0322,0.0936,29.1916,0.3031,0.7398,-3.2334,0.3391,3.5584,0.4098
155.8464,246.8092,124.1577,0.0134,0.0001,0.0207,0.0093,0.0098,0.0329,0.5623,0.0201,0.0655,0.1299,0.0237,0.2598,15.4324,0.655,0.7858,-6.7459,0.4025,2.634,0.1772
202.094,434.0537,121.771,0.0078,0.0001,0.0119,0.0065,0.0272,0.0775,0.5146,0.0339,0.0682,0.0543,0.1584,0.0114,20.0725,0.533,0.753,-5.3304,0.3965,2.9555,0.1315
202.2256,372.765,167.5067,0.0289,0.0001,0.0059,0.0116,0.0405,0.0556,0.2557,0.0211,0.0529,0.0652,0.1314,0.1738,23.5383,0.6808,0.8016,-2.8313,0.4168,2.321,0.1328
143.7784,176.219,100.72,0.0303,0.0001,0.0092,0.01,0.0274,0.0967,0.8048,0.0346,0.0335,0.1259,0.0188,0.0119,21.8628,0.4687,0.602,-5.0527,0.3789,3.2441,0.1793
102.0234,162.5501,83.6873,0.0113,0.0001,0.006,0.0108,0.0073,0.1184,0.4888,0.0266,0.0494,0.0609,0.0875,0.2655,23.1898,0.5274,0.8214,-3.9413,0.1176,2.9953,0.1742
93.8255,170.3578,181.2974,0.0273,0.0002,0.0206,0.0076,0.0289,0.0847,0.615,0.0278,0.0657,0.029,0.1138,0.1993,27.4965,0.2726,0.7062,-3.8743,0.1419,2.3615,0.193
132.2945,202.4436,74.2765,0.0082,0.0001,0.0101,0.0151,0.0381,0.056,0.5933,0.0465,0.0521,0.0795,0.1342,0.137,21.6224,0.3231,0.7025,-4.3062,0.4338,2.5846,0.4106
208.1128,272.9565,122.273,0.0235,0.0001,0.0199,0.0107,0.0498,0.0209,1.0398,0.0145,0.0773,0.0337,0.1585,0.1252,9.2029,0.3501,0.7712,-6.6793,0.0819,2.3835,0.0966
193.4498,321.7048,158.3435,0.0065,0.0,0.0042,0.0019,0.0202,0.09,0.7492,0.0245,0.0511,0.0657,0.0982,0.279,8.5504,0.5843,0.6355,-6.5832,0.2598,2.2978,0.1192
177.7293,495.5655,87.7962,0.0022,0.0002,0.0089,0.0196,0.0334,0.0539,0.4444,0.0174,0.038,0.0438,0.0916,0.2948,21.2644,0.3581,0.6054,-6.8621,0.3145,1.9065,0.4627
168.6315,213.015,196.8472,0.0249,0.0002,0.0205,0.0169,0.0141,0.1158,1.1282,0.0071,0.0214,0.1105,0.0266,0.1079,12.3215,0.4467,0.8047,-2.9387,0.1748,2.3696,0.2726
185.5256,251.1128,148.5201,0.022,0.0002,0.0203,0.0157,0.0215,0.106,0.723,0.0246,0.0214,0.131,0.0424,0.1522,8.6117,0.4357,0.577,-6.921,0.231,1.8236,0.4003
155.1591,327.8365,173.0668,0.0228,0.0001,0.0081,0.0175,0.0298,0.0791,0.1584,0.0279,0.043,0.0846,0.0138,0.1422,19.4881,0.4179,0.6721,-4.3297,0.0956,3.3176,0.2996
207.8935,587.6264,164.6306,0.0169,0.0003,0.0083,0.0182,0.0473,0.1157,1.1435,0.0347,0.0632,0.0252,0.1611,0.168,16.9932,0.2671,0.6777,-3.4527,0.1753,2.0287,0.4375
141.091,271.562,177.1674,0.0036,0.0001,0.003,0.0065,0.0331,0.082,1.1848,0.0556,0.0183,0.0589,0.1092,0.0821,29.8624,0.6262,0.6252,-6.17,0.2152,3.6523,0.1192
148.351,309.168,140.5605,0.0325,0.0002,0.0154,0.0071,0.0574,0.0279,0.6644,0.0067,0.0195,0.0696,0.085,0.1184,27.9247,0.5339,0.6917,-6.5235,0.1611,2.5594,0.1287
221.0836,573.9491,184.6288,0.0178,0.0002,0.0153,0.0171,0.0217,0.0482,0.356,0.0158,0.0213,0.0487,0.121,0.0245,21.2969,0.6431,0.6304,-4.621,0.0826,1.9936,0.4301
139.9381,368.7218,165.5634,0.0231,0.0001,0.0089,0.0137,0.0415,0.0975,1.203,0.0258,0.0058,0.0178,0.0501,0.1833,11.5585,0.3525,0.7727,-4.6033,0.1127,2.2686,0.3179
204.3207,271.0008,119.213,0.0242,0.0002,0.0162,0.0134,0.0116,0.0136,1.282,0.0491,0.0138,0.0186,0.0332,0.3026,25.4077,0.6688,0.6427,-4.9143,0.3965,2.4722,0.4896
156.8342,332.4838,166.726,0.0068,0.0002,0.0043,0.0055,0.0618,0.0137,0.2699,0.0379,0.0471,0.0656,0.0531,0.0089,15.8675,0.6305,0.6732,-3.1503,0.4247,2.953,0.2581
116.9697,444.2823,115.8216,0.0156,0.0003,0.0017,0.0049,0.0225,0.1038,0.3379,0.0214,0.0333,0.057,0.1686,0.1221,12.7999,0.29,0.7811,-3.7418,0.1368,3.1939,0.1726
199.3135,212.8794,175.5801,0.0206,0.0,0.0085,0.0066,0.0286,0.0952,0.4671,0.0134,0.0446,0.0957,0.0937,0.1447,12.1815,0.4625,0.6589,-4.633,0.1308,2.9286,0.2639
111.7758,335.2101,128.5866,0.0225,0.0001,0.0039,0.0167,0.0494,0.1126,1.084,0.0305,0.0457,0.063,0.0924,0.134,25.9469,0.4256,0.7812,-6.1753,0.2595,2.8431,0.1105
198.0786,526.9157,137.0148,0.0245,0.0002,0.0203,0.0132,0.0402,0.071,0.4851,0.0224,0.0222,0.0447,0.1007,0.1981,21.158,0.5781,0.8017,-5.274,0.1326,2.515,0.2086
207.6778,420.3581,115.4468,0.0171,0.0002,0.01,0.0057,0.0583,0.0593,1.2195,0.0321,0.0551,0.1083,0.0728,0.1441,19.5536,0.5832,0.6326,-5.0503,0.3176,2.7916,0.4488
222.5588,174.7811,78.1935,0.0165,0.0003,0.0122,0.0015,0.0183,0.0171,0.4398,0.0151,0.0207,0.1115,0.0325,0.1699,27.9277,0.2673,0.7217,-5.0068,0.2203,3.2908,0.3303
108.8309,356.084,174.7709,0.0209,0.0,0.0133,0.0033,0.0495,0.0153,0.3975,0.0333,0.0321,0.1354,0.1406,0.263,14.4768,0.4095,0.7343,-6.1931,0.1706,2.4383,0.4308
203.7045,166.7321,180.0456,0.0159,0.0002,0.0086,0.0027,0.0505,0.0293,0.4143,0.0228,0.0671,0.0177,0.0549,0.228,15.5417,0.2924,0.6605,-6.1085,0.1567,3.0517,0.2222
167.3618,448.8309,179.1695,0.0301,0.0002,0.0186,0.001,0.008,0.0779,0.153,0.0289,0.0152,0.0677,0.0676,0.2177,14.7094,0.4553,0.5759,-4.0008,0.3549,2.9095,0.4058
114.5077,230.6103,114.5558,0.0026,0.0001,0.0122,0.0013,0.0348,0.0168,0.8743,0.0099,0.0181,0.0738,0.0403,0.2105,17.8834,0.5758,0.652,-6.2654,0.3241,2.447,0.3564
166.019,232.7851,102.1706,0.0273,0.0002,0.0187,0.0027,0.0076,0.0551,0.6053,0.0319,0.0512,0.0687,0.1584,0.228,18.226,0.4835,0.5851,-4.0615,0.4349,3.011,0.1036
197.6087,497.1936,157.9183,0.0032,0.0002,0.0191,0.0167,0.0635,0.0287,1.2462,0.0167,0.057,0.1339,0.0535,0.0028,22.8417,0.3085,0.6658,-3.601,0.0703,1.7697,0.1089
210.5839,271.6089,90.0363,0.0053,0.0002,0.0029,0.0143,0.0261,0.1074,1.1035,0.0198,0.0384,0.0352,0.0137,0.1569,15.6948,0.4486,0.6342,-6.2812,0.2314,3.5561,0.4529
130.805,263.1968,75.5387,0.0233,0.0,0.0091,0.0177,0.0267,0.0545,0.4899,0.0258,0.0693,0.031,0.1269,0.1712,9.1686,0.2989,0.6209,-2.8567,0.2755,3.3315,0.1952
170.7759,513.3453,95.2934,0.0224,0.0001,0.0175,0.0089,0.0482,0.0755,0.6401,0.0482,0.0192,0.1175,0.1329,0.1137,24.9415,0.5203,0.6132,-6.6415,0.1092,3.4002,0.4198
195.5861,134.9404,90.0063,0.0187,0.0001,0.013,0.0056,0.0291,0.117,0.2395,0.0297,0.0164,0.0811,0.0228,0.3003,18.7168,0.5635,0.6146,-4.0217,0.3348,2.0962,0.3152
186.0525,451.0304,80.5686,0.0219,0.0001,0.0125,0.0133,0.0131,0.0828,0.2873,0.0249,0.0586,0.0093,0.0676,0.2205,18.3868,0.6627,0.6372,-6.3759,0.1475,2.8745,0.2455
180.8241,203.8884,112.5131,0.0143,0.0,0.0021,0.0103,0.0274,0.0382,0.6608,0.0432,0.0418,0.042,0.0791,0.2776,15.0051,0.6302,0.7865,-2.6596,0.0653,2.8279,0.1327
132.5439,469.3353,160.5546,0.0082,0.0002,0.0017,0.0194,0.0131,0.0626,1.1322,0.009,0.0218,0.0228,0.1024,0.1547,23.4048,0.6037,0.6725,-5.2605,0.3908,3.2663,0.2346
92.3214,507.5286,155.6409,0.0257,0.0001,0.0145,0.0073,0.0603,0.0289,1.2066,0.0372,0.0132,0.1296,0.1349,0.1949,26.9054,0.6812,0.5881,-6.2506,0.4374,3.1068,0.3356
190.1651,588.3743,76.9348,0.0037,0.0,0.013,0.0167,0.0429,0.117,0.2034,0.0412,0.0513,0.0519,0.119,0.0411,12.4269,0.4725,0.6409,-2.8599,0.2258,2.0885,0.1055
95.5476,162.376,167.8952,0.0133,0.0001,0.018,0.0068,0.0155,0.1105,1.2547,0.0241,0.0091,0.0631,0.0691,0.2023,11.4895,0.3071,0.587,-5.3646,0.2087,2.3177,0.4876
99.3157,299.2133,93.7144,0.0039,0.0002,0.0165,0.0155,0.0367,0.0653,0.825,0.0209,0.0082,0.0333,0.1513,0.313,20.8361,0.2875,0.6472,-2.7222,0.1884,2.7003,0.151
214.6628,531.9926,135.8285,0.0163,0.0003,0.0179,0.0186,0.0259,0.0721,1.0873,0.0404,0.0537,0.0623,0.0266,0.1075,22.0601,0.3812,0.6841,-6.4584,0.171,3.4829,0.1838
213.1146,523.9623,157.505,0.033,0.0001,0.0091,0.0045,0.0576,0.026,0.1895,0.0104,0.0615,0.0631,0.1523,0.0034,14.2646,0.5169,0.8078,-5.2577,0.4302,3.6012,0.4174
109.2231,491.3784,128.216,0.0135,0.0,0.009,0.0123,0.0458,0.0217,1.1867,0.0185,0.0345,0.1234,0.1241,0.2126,15.0514,0.338,0.6675,-3.6558,0.3302,3.0267,0.2732
117.8175,348.2562,188.0534,0.0106,0.0002,0.0214,0.0036,0.0132,0.0684,1.159,0.0143,0.076,0.132,0.0648,0.301,14.5504,0.3436,0.6695,-2.6601,0.3117,2.5471,0.1978
93.8154,333.8572,131.0728,0.01,0.0002,0.0174,0.0036,0.0378,0.0119,0.4206,0.0215,0.0375,0.0924,0.1366,0.1904,15.8407,0.3253,0.6272,-3.2516,0.2287,2.0539,0.39
161.5775,231.1818,67.3683,0.0198,0.0001,0.0046,0.0136,0.0292,0.09,0.1684,0.032,0.0094,0.0714,0.0917,0.097,26.2247,0.3039,0.8006,-6.8082,0.1092,2.3966,0.1824
177.7365,290.2186,88.1259,0.0155,0.0001,0.0147,0.0045,0.0323,0.1047,0.2201,0.0061,0.0309,0.0102,0.0274,0.2384,24.627,0.5698,0.7594,-3.4563,0.2842,2.9562,0.2669
107.9555,172.8712,183.0954,0.009,0.0,0.0041,0.0062,0.0557,0.064,0.2166,0.0335,0.0324,0.0592,0.1414,0.2322,24.5332,0.672,0.6098,-5.0166,0.2439,3.0034,0.3767
134.1142,207.7223,188.6261,0.0169,0.0001,0.0067,0.0109,0.0106,0.0449,0.2812,0.03,0.0373,0.0152,0.124,0.1273,23.2129,0.5372,0.7902,-5.2142,0.3517,3.0722,0.4382
122.3239,216.8319,106.0883,0.0197,0.0002,0.0112,0.019,0.0038,0.0755,1.1191,0.0314,0.0536,0.1276,0.1267,0.1329,22.4225,0.4077,0.8115,-5.3466,0.0653,2.4863,0.3756
111.2684,565.056,101.811,0.0165,0.0003,0.0047,0.0068,0.055,0.0463,0.4653,0.0299,0.0176,0.0378,0.1286,0.2584,27.7301,0.4543,0.8095,-4.3821,0.2723,3.5696,0.2872
144.2594,110.2938,147.7632,0.0249,0.0001,0.0165,0.014,0.0195,0.0274,0.7498,0.0561,0.0652,0.0978,0.1282,0.1452,17.0489,0.3275,0.6376,-6.4981,0.4307,2.6293,0.3589
136.4438,279.2273,114.6728,0.004,0.0001,0.0054,0.006,0.0178,0.0401,0.9837,0.0231,0.0729,0.1295,0.0963,0.2658,28.4086,0.4192,0.8003,-3.2311,0.4493,2.6751,0.2141
202.2506,146.9282,167.6185,0.0128,0.0001,0.0189,0.0121,0.0643,0.0779,1.2824,0.0217,0.036,0.0599,0.0282,0.1839,18.9706,0.6307,0.6739,-6.1897,0.2682,2.677,0.2781
144.332,527.9434,102.2439,0.0251,0.0001,0.0127,0.0058,0.0538,0.1137,1.1767,0.0372,0.0308,0.0414,0.1444,0.1058,25.0029,0.2748,0.803,-3.8436,0.1725,3.6649,0.4137
218.1616,160.9722,139.8598,0.0131,0.0001,0.0169,0.0138,0.0225,0.1023,0.3016,0.0382,0.027,0.1136,0.1298,0.3078,11.2039,0.2766,0.7684,-5.485,0.2195,3.1648,0.1206
163.5835,500.0508,167.4888,0.0211,0.0,0.0118,0.0172,0.0157,0.0581,0.6853,0.0398,0.0439,0.0808,0.1476,0.1785,19.6238,0.4115,0.6564,-2.6298,0.1261,2.2576,0.1289
194.078,365.6739,135.2243,0.0182,0.0001,0.0121,0.0013,0.0472,0.0148,0.226,0.0366,0.0462,0.0436,0.0763,0.0117,12.3272,0.2717,0.6751,-3.9684,0.2342,2.8389,0.1109
126.826,478.0907,103.3205,0.0282,0.0001,0.0064,0.0124,0.0381,0.0543,0.6368,0.0532,0.0674,0.0926,0.1391,0.0692,11.2412,0.5707,0.7815,-2.4441,0.3417,2.8428,0.3396
126.6128,204.5508,169.2756,0.0252,0.0002,0.0089,0.0115,0.0448,0.0256,1.1342,0.0102,0.0236,0.0451,0.1657,0.0177,11.7078,0.3773,0.699,-3.9825,0.1042,2.9707,0.3676
111.4777,403.2942,137.6387,0.0118,0.0002,0.0212,0.0084,0.0035,0.0346,1.1271,0.0422,0.0112,0.1038,0.0159,0.1931,13.0042,0.2988,0.8013,-5.3568,0.3753,1.8216,0.412
122.5679,152.5532,155.1079,0.0129,0.0002,0.001,0.0083,0.0068,0.0243,1.2513,0.0328,0.0155,0.0476,0.1603,0.1588,11.3164,0.655,0.6094,-6.708,0.1051,2.9997,0.4327
168.3503,355.7151,66.3779,0.0107,0.0001,0.0089,0.006,0.0482,0.1067,0.9121,0.0085,0.0525,0.0305,0.148,0.2168,24.2635,0.2672,0.5898,-4.0955,0.1864,2.2118,0.3164
144.4429,528.4476,197.7497,0.0032,0.0002,0.0015,0.0075,0.0408,0.051,0.1351,0.0154,0.0329,0.0397,0.1409,0.0238,19.967,0.5844,0.5939,-2.4652,0.4075,2.1763,0.4364
159.5129,178.3069,146.7784,0.0082,0.0001,0.0168,0.0011,0.027,0.0868,0.8278,0.0265,0.0295,0.0312,0.0219,0.244,19.3694,0.5804,0.7709,-6.8217,0.3137,3.0052,0.1806
182.2748,355.9994,138.1365,0.0228,0.0001,0.0151,0.0181,0.027,0.0173,0.8924,0.0341,0.0403,0.0233,0.0943,0.3032,25.1833,0.342,0.8062,-6.5999,0.445,2.1818,0.237
176.4752,141.2349,126.4444,0.0191,0.0002,0.0199,0.0053,0.0117,0.0851,0.823,0.032,0.0097,0.0622,0.0481,0.12,17.5851,0.6723,0.6357,-3.9777,0.1852,2.6942,0.517
156.0672,474.4599,96.6727,0.0049,0.0002,0.0119,0.015,0.0302,0.0565,0.8724,0.0423,0.0369,0.1194,0.1568,0.2436,19.2134,0.5113,0.7202,-6.9656,0.3759,3.1235,0.1101
221.5959,518.195,143.7034,0.0258,0.0002,0.006,0.0025,0.0198,0.0734,0.1674,0.0314,0.0533,0.0634,0.037,0.1547,27.8496,0.5294,0.7538,-6.7041,0.0746,3.5547,0.3746
220.9118,347.1192,110.6792,0.0221,0.0001,0.0134,0.0123,0.004,0.0837,1.2978,0.051,0.0443,0.0984,0.0554,0.1206,14.8869,0.6566,0.6162,-6.5509,0.2359,3.6039,0.4729
149.1371,568.2266,191.4731,0.0208,0.0002,0.0064,0.0029,0.028,0.0316,0.862,0.0307,0.0678,0.0605,0.0843,0.0871,20.0125,0.3446,0.5851,-6.4274,0.3557,3.1879,0.2107
175.6605,367.3411,96.9094,0.0017,0.0001,0.0089,0.0133,0.0387,0.0706,0.1593,0.0376,0.0668,0.0477,0.1062,0.2595,24.6712,0.6535,0.7731,-3.3069,0.4074,1.8779,0.2948
106.2022,469.5594,181.7742,0.0053,0.0001,0.0148,0.0043,0.036,0.0656,0.5689,0.0469,0.032,0.0456,0.1126,0.1687,20.6633,0.6782,0.6004,-5.9503,0.2194,2.4969,0.4934
149.7569,246.6552,96.9499,0.0241,0.0001,0.013,0.0167,0.0296,0.091,0.6804,0.0338,0.0663,0.0664,0.0519,0.0975,22.3969,0.3318,0.8131,-4.3676,0.2382,3.0868,0.5183
140.6867,254.1891,138.8383,0.0098,0.0002,0.0138,0.0097,0.0491,0.0368,0.1286,0.0291,0.0079,0.0144,0.0276,0.2112,15.9958,0.5715,0.7303,-3.0859,0.2819,2.1526,0.1294
96.3387,304.1298,124.5449,0.0188,0.0002,0.009,0.017,0.0208,0.0222,0.6126,0.0157,0.0357,0.114,0.0821,0.2294,26.4384,0.469,0.6,-3.0162,0.3541,2.9652,0.2742
122.7551,194.4539,167.9175,0.031,0.0002,0.0138,0.0054,0.0484,0.0502,0.351,0.0257,0.0361,0.1304,0.0731,0.0788,17.9927,0.4656,0.5749,-7.0287,0.291,3.0766,0.1241
115.8754,578.947,179.8815,0.0188,0.0,0.003,0.0112,0.0211,0.0273,0.5686,0.0152,0.0439,0.0354,0.0744,0.1015,25.2744,0.3095,0.584,-2.5027,0.4316,1.7842,0.4371
201.8231,114.3731,191.7207,0.003,0.0,0.0053,0.0136,0.0038,0.0846,0.8782,0.0484,0.036,0.046,0.0963,0.27,20.7026,0.3854,0.6384,-4.1246,0.1948,2.1605,0.2067
178.722,335.1484,179.362,0.0106,0.0002,0.0123,0.0013,0.0089,0.0856,0.5797,0.0501,0.0068,0.0727,0.1206,0.1141,29.1082,0.3992,0.6879,-5.2606,0.4304,1.8404,0.3967
89.454,161.9793,90.8222,0.0018,0.0,0.0076,0.0112,0.0329,0.1064,0.8976,0.0448,0.0786,0.0754,0.0395,0.0215,20.8405,0.5833,0.6594,-6.0265,0.4472,3.2015,0.2577
135.0819,185.8802,191.9291,0.0202,0.0001,0.0104,0.0063,0.0561,0.0938,0.6478,0.0105,0.0152,0.0934,0.0557,0.1642,27.9774,0.4057,0.6747,-2.8231,0.2053,2.844,0.1386
105.7652,102.3319,197.1926,0.0102,0.0002,0.009,0.0021,0.053,0.1097,0.3345,0.0517,0.0357,0.0488,0.0446,0.0696,25.0154,0.4231,0.7712,-4.3609,0.2424,3.4195,0.1119
147.9789,197.6023,117.5618,0.025,0.0,0.0182,0.0189,0.0536,0.0252,0.0908,0.033,0.0427,0.0566,0.1342,0.0937,9.0652,0.5882,0.592,-5.4448,0.1822,3.3507,0.1875
171.0247,422.5795,176.9664,0.0032,0.0002,0.0157,0.0072,0.0068,0.0607,0.4195,0.0444,0.0736,0.1043,0.1092,0.1799,9.4776,0.5014,0.6651,-3.256,0.192,3.6364,0.5233
211.5056,460.4024,113.6701,0.0133,0.0001,0.0052,0.0174,0.0603,0.1064,0.8005,0.016,0.0267,0.0311,0.1583,0.2158,29.8943,0.4485,0.6262,-2.506,0.1411,2.5489,0.4581
197.0185,539.129,85.2092,0.0291,0.0001,0.0061,0.002,0.006,0.0999,1.3002,0.0103,0.0498,0.0755,0.084,0.1511,20.879,0.6761,0.6875,-6.5833,0.092,2.9709,0.3271
106.4627,559.8481,135.0322,0.0156,0.0001,0.0202,0.0129,0.0536,0.0272,1.0851,0.0061,0.0755,0.1227,0.1566,0.2654,26.0214,0.5796,0.7969,-4.2223,0.2769,1.9438,0.4039
151.7351,504.5654,151.632,0.0188,0.0001,0.0114,0.0044,0.009,0.0379,0.6369,0.0188,0.0373,0.1267,0.1016,0.2968,12.3215,0.6679,0.7964,-6.7156,0.3221,2.8596,0.3927
163.2206,392.5978,114.6668,0.0069,0.0002,0.0048,0.0111,0.0556,0.024,0.0956,0.0062,0.0518,0.1163,0.1639,0.104,25.7578,0.5144,0.7632,-5.5822,0.3441,2.7228,0.2861
173.133,442.1871,178.9016,0.0286,0.0001,0.0191,0.008,0.052,0.0702,0.4229,0.0547,0.0588,0.0327,0.134,0.0753,15.6853,0.4145,0.7876,-6.1251,0.1069,3.2011,0.187
96.4379,383.19,142.0622,0.0095,0.0002,0.0016,0.0075,0.0274,0.0837,0.3259,0.0354,0.0069,0.0151,0.0532,0.0499,29.1206,0.3306,0.784,-4.9725,0.3133,1.9569,0.3917
119.3514,407.8536,195.5513,0.0113,0.0,0.0099,0.0018,0.0475,0.0308,0.9596,0.0254,0.032,0.0943,0.0727,0.229,25.288,0.3293,0.7998,-6.4541,0.1995,2.3101,0.3367
162.8498,208.245,91.5691,0.0068,0.0002,0.0134,0.0121,0.005,0.0664,1.1617,0.0253,0.0674,0.0657,0.1689,0.0479,21.4724,0.3666,0.5761,-2.6292,0.3861,2.251,0.4934
105.5528,151.7092,113.4482,0.0192,0.0002,0.0198,0.0172,0.0486,0.0623,0.8354,0.0112,0.0129,0.0792,0.1401,0.0964,15.4173,0.5081,0.7831,-3.569,0.25,2.0227,0.2654
141.1864,161.1475,124.8114,0.0127,0.0002,0.017,0.0042,0.052,0.1079,0.5782,0.0248,0.0617,0.0123,0.0871,0.2998,20.849,0.5945,0.6322,-2.9738,0.2889,2.547,0.4272
182.1816,229.6756,169.1697,0.0212,0.0001,0.0181,0.0162,0.0602,0.0311,0.7219,0.0398,0.0059,0.0212,0.1095,0.2495,25.8931,0.6581,0.8187,-7.0662,0.2614,3.0995,0.2511
119.4894,337.1578,84.2835,0.017,0.0,0.0072,0.0183,0.0305,0.0946,0.8417,0.0099,0.0356,0.1067,0.1277,0.0653,29.1416,0.4915,0.7257,-2.7043,0.1735,3.3721,0.1901
207.5252,387.7164,168.6814,0.0061,0.0002,0.0084,0.0176,0.0196,0.0507,1.1205,0.0204,0.0215,0.1061,0.0507,0.1112,11.6358,0.4287,0.5929,-6.6316,0.2937,3.1634,0.4252
210.2022,557.0519,70.0569,0.0232,0.0003,0.0023,0.0032,0.0256,0.1004,0.5372,0.0301,0.0507,0.0998,0.1453,0.2436,19.3901,0.4493,0.6374,-4.6975,0.1889,1.7942,0.1565
195.3234,498.3581,118.8872,0.0142,0.0002,0.0054,0.0084,0.024,0.0876,0.137,0.0441,0.0094,0.0711,0.1223,0.1242,9.0601,0.4404,0.7211,-2.493,0.0892,2.127,0.142
117.9143,434.3,183.7272,0.0169,0.0001,0.0102,0.0055,0.0068,0.0405,0.684,0.0246,0.0696,0.1286,0.0274,0.305,17.5952,0.3041,0.7262,-4.0781,0.1737,2.8392,0.4755
191.0941,204.1001,156.9505,0.0191,0.0002,0.0201,0.0163,0.0347,0.0584,0.5665,0.0413,0.0657,0.0238,0.0989,0.1238,10.3703,0.5267,0.7192,-6.2862,0.3099,2.8123,0.2871
118.3194,329.0921,68.7078,0.0293,0.0002,0.0073,0.0164,0.0472,0.0464,1.2301,0.0062,0.0391,0.0542,0.1122,0.0882,22.1185,0.3232,0.6826,-2.7821,0.1105,2.296,0.4684
200.1994,147.3017,86.9514,0.0169,0.0001,0.001,0.0122,0.0279,0.0917,0.9519,0.0356,0.0432,0.0597,0.0276,0.238,17.6973,0.5775,0.5924,-2.7469,0.0987,2.7399,0.3213
145.6904,496.0181,88.105,0.0229,0.0001,0.0052,0.0024,0.0455,0.0262,0.3213,0.0315,0.0596,0.0406,0.1022,0.2111,22.5393,0.6774,0.756,-4.4927,0.2889,2.0867,0.1695
150.638,571.943,86.9278,0.0049,0.0002,0.0076,0.0077,0.0269,0.0338,0.3807,0.0204,0.0277,0.0343,0.166,0.0946,15.1956,0.6279,0.7887,-4.0391,0.4356,2.3369,0.3945
187.7008,497.6141,83.8352,0.0128,0.0002,0.0192,0.0021,0.0286,0.0886,0.5553,0.0456,0.047,0.0338,0.0998,0.1739,11.6701,0.3767,0.8084,-4.0235,0.1393,2.9969,0.1807
163.5136,138.8277,191.766,0.0157,0.0,0.0025,0.0071,0.0074,0.0636,0.4944,0.0326,0.0561,0.058,0.1674,0.0593,11.7162,0.3364,0.686,-3.6597,0.3022,2.1343,0.2136
143.8581,218.5653,172.1164,0.0312,0.0002,0.0125,0.0127,0.048,0.0362,0.4114,0.0517,0.0167,0.0928,0.1094,0.2753,8.7552,0.5363,0.6454,-4.2546,0.2105,3.6452,0.1735
159.7686,470.3919,86.7063,0.0289,0.0003,0.0031,0.0084,0.051,0.0783,0.7798,0.0099,0.0224,0.0906,0.0758,0.214,10.3939,0.647,0.7245,-3.9914,0.1185,2.5763,0.1906
197.1202,480.6296,181.2733,0.0036,0.0001,0.0113,0.0073,0.037,0.0489,0.1128,0.0201,0.0446,0.0449,0.0676,0.0168,13.6062,0.4864,0.8167,-5.5272,0.3441,2.9423,0.2396
169.0132,543.8063,138.6747,0.0213,0.0001,0.0109,0.001,0.0577,0.0833,0.9499,0.0296,0.0347,0.1369,0.0766,0.058,23.1119,0.5964,0.8126,-5.4492,0.1697,3.4151,0.1175
114.5607,102.5007,153.0121,0.0155,0.0001,0.0193,0.0144,0.0517,0.0678,0.1428,0.0264,0.0152,0.0095,0.0506,0.0113,9.6906,0.2828,0.7521,-3.9721,0.3874,2.0458,0.2135
137.2344,431.0914,112.2052,0.0094,0.0001,0.0098,0.0112,0.0187,0.0971,1.0908,0.0287,0.0349,0.0455,0.0654,0.1435,14.7483,0.4276,0.5806,-4.6654,0.1146,2.9818,0.4787
201.924,529.9464,150.8474,0.0257,0.0002,0.014,0.007,0.0348,0.0437,1.2538,0.0146,0.0444,0.0553,0.1622,0.0351,27.8914,0.3103,0.6068,-4.6022,0.139,3.2981,0.1816
152.5018,486.5672,114.1791,0.0132,0.0001,0.0096,0.0011,0.0183,0.0567,0.78,0.0128,0.0278,0.0267,0.1394,0.2354,28.4339,0.6532,0.6764,-5.1185,0.1913,2.9834,0.3457
102.5483,526.3306,198.5226,0.027,0.0,0.0179,0.0188,0.0337,0.016,0.2984,0.0129,0.052,0.0162,0.144,0.0941,11.7928,0.3157,0.8058,-2.6224,0.2502,3.2469,0.396
144.6003,224.3189,194.4551,0.0148,0.0001,0.0122,0.0082,0.059,0.0866,1.2949,0.0435,0.0122,0.0414,0.099,0.2917,12.3101,0.607,0.7372,-2.7077,0.4131,2.2353,0.2936
132.5114,116.0193,116.5439,0.0088,0.0002,0.0034,0.0096,0.0398,0.0295,0.6831,0.021,0.038,0.0329,0.1001,0.1752,27.56,0.3372,0.7477,-3.4292,0.301,2.2837,0.2906
132.8003,114.3626,96.5802,0.0172,0.0,0.0064,0.0014,0.0532,0.0361,1.1698,0.0155,0.0474,0.0397,0.1612,0.0255,14.011,0.471,0.7574,-5.3484,0.3532,1.9729,0.3623
176.6956,177.4232,99.0345,0.0269,0.0002,0.0152,0.0177,0.0178,0.0657,0.5468,0.0345,0.0338,0.1043,0.0956,0.1993,26.5164,0.4524,0.5947,-4.7292,0.1,3.5532,0.51
221.1205,143.6927,131.2845,0.0089,0.0001,0.0108,0.0064,0.0135,0.023,0.5894,0.0472,0.012,0.0709,0.0905,0.1327,16.6891,0.4702,0.8217,-3.5598,0.2011,2.2322,0.4502
189.862,516.2961,66.6537,0.0246,0.0002,0.0203,0.0038,0.0311,0.0116,0.0903,0.0135,0.0304,0.0282,0.07,0.1569,13.5315,0.4317,0.5891,-3.7904,0.22,3.6507,0.2148
197.8496,518.4649,112.614,0.0046,0.0002,0.0196,0.013,0.0488,0.0204,1.1131,0.0245,0.0465,0.0308,0.0636,0.2548,23.976,0.4868,0.6664,-3.902,0.4475,2.6678,0.2372
90.8256,443.9285,91.8654,0.0146,0.0001,0.0164,0.0166,0.0571,0.0891,0.9098,0.0547,0.0114,0.1008,0.1167,0.2612,27.501,0.6081,0.7975,-3.1782,0.2293,2.4014,0.4929
183.7657,448.3682,123.4229,0.0044,0.0002,0.0156,0.0111,0.0552,0.0587,0.1962,0.0059,0.0229,0.0351,0.1307,0.2675,9.4774,0.5834,0.5821,-3.4616,0.1494,2.5858,0.3956
178.0048,261.9297,123.6798,0.0257,0.0003,0.0147,0.0024,0.0276,0.0259,0.1828,0.0127,0.0351,0.0732,0.1253,0.2984,26.7792,0.4385,0.7676,-6.3716,0.3824,2.2788,0.1375
150.6682,478.0254,91.2422,0.0157,0.0003,0.0062,0.0107,0.0384,0.0104,1.2554,0.0235,0.0752,0.064,0.137,0.056,21.5844,0.5938,0.6643,-6.2338,0.3311,2.3085,0.442
91.3914,346.4678,81.401,0.0217,0.0001,0.0209,0.0025,0.0166,0.0616,0.7394,0.0281,0.0693,0.113,0.096,0.3048,16.6124,0.4827,0.6804,-3.5496,0.4337,1.9247,0.3529
133.7578,372.2129,143.1361,0.0307,0.0002,0.0044,0.0151,0.0035,0.0405,0.6906,0.0165,0.0539,0.0768,0.1502,0.0868,9.9259,0.5329,0.5768,-3.5453,0.2894,2.4706,0.5095
103.1704,471.6881,137.2137,0.0032,0.0001,0.0032,0.0044,0.0257,0.04,1.0922,0.0153,0.0262,0.1222,0.0545,0.3062,10.3937,0.529,0.7905,-2.8638,0.236,2.9701,0.1067
201.6313,429.9757,122.9172,0.0286,0.0002,0.0075,0.0165,0.0381,0.097,0.6968,0.0537,0.0768,0.0673,0.1032,0.0261,14.5824,0.5105,0.7702,-7.12,0.2099,2.4052,0.1246
164.8132,182.4283,93.8024,0.0275,0.0002,0.0141,0.0011,0.038,0.0134,0.3073,0.0255,0.0135,0.0731,0.1576,0.1825,13.4925,0.3949,0.7459,-3.5039,0.4401,3.3368,0.1411
121.2951,199.7299,111.5451,0.0275,0.0,0.0085,0.0184,0.0586,0.0494,1.2616,0.0485,0.0474,0.0189,0.0268,0.216,11.5176,0.3235,0.8184,-4.7644,0.0921,2.6376,0.2999
113.4515,556.6328,128.2809,0.0226,0.0,0.0064,0.0108,0.0097,0.0436,1.1796,0.0402,0.0422,0.1311,0.0811,0.2539,12.4345,0.566,0.7507,-3.8227,0.1105,3.1117,0.1722
163.0788,329.5862,119.7738,0.0191,0.0002,0.0079,0.019,0.0411,0.08,1.1174,0.0359,0.0685,0.1152,0.1648,0.1223,20.6837,0.6464,0.7874,-2.63,0.1243,2.3485,0.2034
188.5598,478.6581,135.7275,0.0265,0.0001,0.0134,0.0186,0.0477,0.0383,0.2589,0.055,0.0446,0.0513,0.0784,0.0708,11.8314,0.584,0.7949,-5.007,0.0869,2.0548,0.1642
219.7088,274.3167,160.7677,0.0142,0.0002,0.0111,0.0161,0.0289,0.104,0.9666,0.0553,0.0769,0.0176,0.09,0.0124,25.7138,0.631,0.6846,-5.3988,0.0802,2.5311,0.1399
155.6441,182.083,122.7039,0.0077,0.0002,0.01,0.0099,0.0372,0.0557,1.127,0.032,0.0064,0.0857,0.1234,0.0359,8.7531,0.3641,0.7371,-3.3173,0.3636,3.3199,0.3854
154.2514,538.1808,93.8685,0.0271,0.0001,0.0147,0.018,0.0629,0.0885,1.2701,0.0323,0.0424,0.0686,0.0804,0.2689,13.159,0.3621,0.7969,-6.6884,0.1414,2.396,0.2849
139.9089,217.2164,159.7269,0.0206,0.0002,0.0064,0.005,0.0212,0.0656,0.6113,0.0146,0.046,0.0996,0.1564,0.182,17.6413,0.6809,0.7309,-6.602,0.3479,2.8585,0.2835
219.7913,547.5649,152.0465,0.0077,0.0002,0.005,0.0105,0.064,0.0505,0.4198,0.0105,0.0565,0.048,0.0468,0.2173,10.9066,0.5725,0.796,-3.679,0.4413,2.429,0.4432
191.6225,535.5697,137.0163,0.0234,0.0001,0.0096,0.0054,0.0209,0.0962,1.2826,0.0065,0.0295,0.1356,0.0743,0.2884,17.0569,0.6091,0.8061,-4.6467,0.3889,1.8428,0.3955
163.0153,177.2817,192.4729,0.0211,0.0,0.0032,0.0195,0.034,0.0925,0.8125,0.0083,0.0466,0.0237,0.1607,0.1708,12.2736,0.6558,0.6841,-3.7886,0.1407,2.4059,0.3664
102.0551,449.6141,193.8317,0.0181,0.0002,0.016,0.0033,0.0188,0.0736,0.2665,0.0217,0.0278,0.1277,0.0649,0.2045,8.4836,0.5387,0.8075,-4.3712,0.1504,2.1975,0.3803
140.9801,581.5278,157.1165,0.0179,0.0002,0.0192,0.0104,0.0301,0.1141,0.1835,0.0488,0.0541,0.1109,0.0144,0.0285,25.7904,0.5584,0.7836,-5.3872,0.3054,3.1814,0.5223
120.9625,140.4961,105.916,0.0187,0.0001,0.017,0.0184,0.0269,0.0549,0.453,0.0363,0.0411,0.1079,0.1424,0.2557,25.0446,0.6255,0.7884,-4.0712,0.07,2.1245,0.4703
169.2294,518.3864,122.1631,0.0188,0.0,0.0205,0.0077,0.0415,0.0941,0.8298,0.0476,0.0539,0.0817,0.1462,0.1713,21.3931,0.4905,0.6068,-3.1049,0.1439,2.8026,0.4106
105.2494,573.5976,169.207,0.0287,0.0,0.0131,0.003,0.0483,0.0957,1.1508,0.0512,0.0393,0.1157,0.136,0.248,12.3058,0.5721,0.5811,-5.5457,0.3667,1.8416,0.2617
213.2363,475.5046,81.6675,0.0218,0.0,0.0201,0.0156,0.0066,0.0751,0.234,0.0449,0.0243,0.0424,0.1384,0.0719,8.8207,0.5259,0.7775,-3.2459,0.3815,3.1462,0.3192
101.143,569.0658,134.8684,0.0293,0.0003,0.0045,0.0141,0.0628,0.1126,0.173,0.018,0.05,0.0686,0.116,0.1489,27.3618,0.5656,0.7655,-6.7363,0.4445,3.3635,0.1704
103.5181,533.9244,92.8862,0.0238,0.0,0.0036,0.0035,0.0403,0.0634,1.0612,0.0079,0.0455,0.0248,0.0913,0.2518,19.8836,0.6397,0.5872,-2.4705,0.1299,2.7765,0.2869
94.636,138.3037,87.2192,0.0039,0.0,0.0162,0.0152,0.0532,0.1151,0.7693,0.0111,0.0651,0.0647,0.0952,0.1356,25.3167,0.6485,0.5877,-4.0253,0.2266,3.1572,0.1425
154.6215,195.0875,162.0473,0.022,0.0001,0.0161,0.0094,0.0022,0.1125,0.8332,0.0269,0.0777,0.0181,0.1061,0.2285,9.5527,0.615,0.6642,-6.5796,0.353,2.7505,0.0941
199.0213,272.5033,198.0212,0.0113,0.0003,0.0106,0.0051,0.0604,0.0786,0.1963,0.0116,0.0363,0.1324,0.148,0.0456,18.2275,0.3983,0.6711,-6.6999,0.1045,3.3795,0.314
204.5568,102.859,145.5259,0.008,0.0002,0.0035,0.0036,0.0506,0.1096,0.496,0.0177,0.0217,0.0336,0.1567,0.269,11.9667,0.4357,0.6533,-6.6435,0.253,3.2143,0.2699
105.9024,177.0278,152.7386,0.0282,0.0002,0.0181,0.004,0.0299,0.0592,0.3576,0.0052,0.0345,0.0958,0.1531,0.139,12.8654,0.6098,0.7375,-3.5151,0.4357,3.1062,0.1027
188.6087,550.7706,66.4599,0.032,0.0002,0.0049,0.0044,0.0314,0.0164,0.4596,0.055,0.0452,0.0666,0.0669,0.2141,24.3207,0.5161,0.7375,-4.503,0.2354,2.8286,0.2877
212.0733,390.5832,107.7465,0.0325,0.0003,0.0039,0.0052,0.0459,0.0667,1.2551,0.055,0.0214,0.1035,0.1624,0.2652,18.03,0.4322,0.6714,-6.1273,0.3047,3.6363,0.401
183.8571,221.6908,183.2225,0.0231,0.0001,0.012,0.0134,0.0497,0.0495,0.327,0.0424,0.07,0.0669,0.0325,0.1772,25.6762,0.4106,0.5824,-3.5284,0.141,3.3301,0.3701
117.2976,485.6486,165.4723,0.0161,0.0001,0.0073,0.0086,0.0379,0.0976,0.5109,0.0105,0.031,0.0986,0.1077,0.2948,10.3541,0.4281,0.6262,-6.5164,0.1385,2.9431,0.1654
121.1083,438.972,162.9744,0.0224,0.0001,0.0151,0.0117,0.0104,0.0261,1.2848,0.0444,0.0676,0.0433,0.0476,0.1208,14.0477,0.3867,0.6524,-6.7917,0.3193,3.2472,0.3574
102.8594,425.1639,174.3288,0.0289,0.0001,0.0139,0.0079,0.0125,0.0664,0.1331,0.0074,0.0417,0.1013,0.0571,0.0965,14.5094,0.3235,0.6101,-4.2765,0.2133,3.0017,0.2145
151.4461,297.259,105.2622,0.0163,0.0,0.0172,0.0135,0.011,0.0516,0.8862,0.0132,0.046,0.0865,0.0553,0.3036,21.5431,0.4337,0.7781,-6.5132,0.1242,3.4084,0.2618
136.5061,301.4671,110.7602,0.0283,0.0001,0.0168,0.0036,0.0428,0.0848,0.8899,0.0162,0.0399,0.0581,0.1536,0.142,20.2638,0.2958,0.801,-3.9588,0.1159,1.804,0.4355
177.1349,221.2889,181.8169,0.0318,0.0001,0.0187,0.0126,0.0639,0.1034,0.1662,0.0241,0.0131,0.0574,0.0881,0.1019,23.6048,0.3478,0.6235,-5.2529,0.1547,2.0348,0.5004
143.7958,135.0087,153.0652,0.0082,0.0002,0.0141,0.0162,0.0203,0.1084,0.4833,0.0484,0.0481,0.0244,0.1046,0.2104,9.3545,0.2997,0.6308,-6.6487,0.226,3.0837,0.1687
188.3778,274.5012,171.0781,0.0284,0.0001,0.015,0.0017,0.0458,0.0696,0.7935,0.0397,0.0528,0.0992,0.165,0.2083,19.4466,0.5592,0.7563,-6.2661,0.1149,3.5461,0.4229
160.4672,319.3651,163.0751,0.0142,0.0,0.0198,0.0037,0.0572,0.0319,0.2912,0.0468,0.0259,0.0852,0.0531,0.1379,19.6435,0.6236,0.7255,-3.6532,0.3477,2.1575,0.4548
137.4453,251.1604,139.443,0.0288,0.0002,0.012,0.012,0.0389,0.1078,1.0779,0.0051,0.0723,0.0922,0.0279,0.0359,13.5086,0.5358,0.5981,-6.3832,0.4485,3.6595,0.3498
180.6158,181.8568,79.4921,0.0234,0.0002,0.0027,0.0086,0.0201,0.0904,0.7324,0.0547,0.0564,0.0778,0.1445,0.1177,14.1539,0.5877,0.5838,-4.0001,0.1147,1.9294,0.2779
113.6908,376.1809,173.4149,0.0274,0.0001,0.0119,0.0158,0.0581,0.0332,0.2289,0.0086,0.0318,0.1327,0.0508,0.1029,14.8744,0.586,0.6433,-4.1418,0.2465,2.8644,0.1194
215.7031,140.5472,136.904,0.0276,0.0002,0.0145,0.0102,0.0051,0.0874,0.1453,0.0441,0.05,0.0895,0.0857,0.097,24.6377,0.4515,0.8085,-3.1796,0.3289,3.4185,0.5115
199.9398,557.3435,69.3791,0.0081,0.0002,0.0195,0.0131,0.0559,0.0922,0.8789,0.044,0.0727,0.0517,0.0829,0.1026,15.8652,0.6467,0.8188,-5.0241,0.1799,2.0297,0.1402
122.2924,226.5507,172.7259,0.0321,0.0003,0.0046,0.0096,0.0555,0.1034,1.2495,0.0085,0.0492,0.1219,0.0236,0.1034,17.8447,0.6098,0.7896,-3.9445,0.3881,1.9091,0.1666
117.909,547.376,78.0274,0.0161,0.0002,0.0202,0.0173,0.0101,0.0741,0.1621,0.0561,0.0505,0.1297,0.0539,0.2726,16.7208,0.6209,0.8051,-4.2142,0.0654,3.5307,0.1279
125.2174,250.4139,154.3519,0.0291,0.0001,0.0032,0.0173,0.0162,0.0773,1.0809,0.0202,0.037,0.0984,0.0941,0.162,14.19,0.4248,0.8191,-3.6839,0.2519,3.2144,0.2603
182.8222,395.4078,156.5608,0.0234,0.0003,0.0118,0.0192,0.0153,0.0549,1.2881,0.0407,0.032,0.0461,0.0237,0.2099,13.8362,0.3218,0.6422,-5.6723,0.4405,2.318,0.396
159.1325,198.3517,164.7157,0.028,0.0002,0.0059,0.0042,0.0543,0.0521,0.9929,0.0075,0.0401,0.0839,0.1573,0.1056,20.3289,0.5458,0.6772,-5.6645,0.4236,2.1231,0.4718
153.2564,434.9391,116.6572,0.019,0.0001,0.0024,0.0172,0.0303,0.0124,0.4849,0.0281,0.0455,0.0965,0.153,0.1812,10.2559,0.3166,0.8051,-5.4424,0.2943,2.6621,0.2456
170.1545,149.1997,161.104,0.0099,0.0,0.0184,0.0037,0.026,0.0337,1.0507,0.0054,0.0271,0.0415,0.0807,0.1428,8.999,0.3965,0.7943,-6.1829,0.2818,2.8551,0.3056
118.8699,415.1242,160.3923,0.0243,0.0002,0.0198,0.0178,0.0395,0.0817,1.2066,0.0324,0.0229,0.1126,0.0373,0.2833,9.3311,0.3188,0.6809,-2.7382,0.2651,2.7867,0.4955
105.8013,345.6557,197.66,0.0166,0.0002,0.0202,0.0045,0.0286,0.0285,0.7737,0.0234,0.0522,0.0563,0.082,0.1818,25.9606,0.3538,0.5827,-7.0256,0.4501,2.6488,0.1744
210.3894,218.147,67.5263,0.0084,0.0001,0.003,0.0035,0.0404,0.0725,0.4309,0.0352,0.0736,0.0976,0.1449,0.2614,18.6097,0.443,0.6013,-5.389,0.2642,2.6519,0.2622
97.2115,419.4519,117.6728,0.0046,0.0001,0.0166,0.0112,0.04,0.0991,0.2932,0.0197,0.0424,0.1111,0.12,0.2562,14.4216,0.5548,0.5924,-4.419,0.1039,3.2089,0.305
141.6601,408.5072,194.9132,0.029,0.0001,0.0119,0.0104,0.0294,0.1122,1.2916,0.0109,0.0395,0.066,0.137,0.1019,29.1958,0.6635,0.6974,-2.6038,0.3405,2.6634,0.3343
121.2386,461.267,82.8292,0.0072,0.0002,0.0062,0.0114,0.0479,0.0647,0.808,0.0146,0.0237,0.0412,0.0547,0.2638,17.5403,0.4177,0.6213,-6.1299,0.2109,1.9145,0.2294
167.7301,185.8448,118.5698,0.0283,0.0,0.0035,0.0184,0.0515,0.0769,0.508,0.0474,0.0115,0.102,0.1486,0.0045,20.5155,0.5213,0.5835,-5.3702,0.2224,2.7855,0.3193
156.9824,578.0709,182.6302,0.0208,0.0002,0.0025,0.0034,0.0192,0.0672,0.7001,0.0353,0.0627,0.0592,0.1439,0.0177,28.1105,0.5535,0.7195,-6.8412,0.2595,3.6169,0.3471
186.4715,374.2468,142.0628,0.0244,0.0001,0.0192,0.0158,0.0264,0.0762,0.3209,0.007,0.046,0.1352,0.1412,0.3087,14.4695,0.3754,0.7799,-3.8415,0.2282,2.1108,0.2213
108.6275,295.2975,151.889,0.0283,0.0001,0.0086,0.0069,0.0436,0.0134,0.4738,0.021,0.0723,0.0797,0.153,0.1304,20.3549,0.5584,0.8247,-3.9875,0.432,2.0547,0.1854
205.1383,531.2524,153.7283,0.0075,0.0,0.0053,0.019,0.032,0.0583,0.7113,0.0375,0.0762,0.1061,0.0766,0.0261,21.3254,0.2861,0.8111,-4.8985,0.2796,3.1201,0.5005
102.4399,193.55,178.2321,0.0289,0.0001,0.0119,0.0087,0.0415,0.088,1.0851,0.0221,0.0735,0.1287,0.0915,0.098,20.1284,0.5357,0.6427,-5.9447,0.2316,1.8373,0.2514
184.0506,253.2563,186.9891,0.0167,0.0002,0.0066,0.0192,0.0424,0.016,0.4002,0.0559,0.0129,0.0632,0.0361,0.0546,13.7683,0.4703,0.661,-6.5776,0.3712,1.8188,0.3997
188.717,514.7244,115.1389,0.002,0.0001,0.0119,0.0102,0.0042,0.0319,0.1117,0.007,0.0082,0.0426,0.1026,0.0058,28.401,0.2978,0.7577,-4.1235,0.385,3.3121,0.2007
95.0971,243.0389,165.7837,0.0193,0.0001,0.0108,0.0189,0.0274,0.1024,0.8866,0.0352,0.047,0.0617,0.1109,0.1355,13.1743,0.5419,0.777,-3.3264,0.4227,1.8966,0.4605
186.0915,388.3099,71.574,0.0156,0.0001,0.0066,0.0035,0.0494,0.0731,0.3236,0.0235,0.075,0.0437,0.0961,0.3116,23.9334,0.4732,0.8073,-3.3259,0.1424,2.5524,0.1061
161.335,342.3521,133.8493,0.0067,0.0001,0.0089,0.018,0.0456,0.0875,0.928,0.0408,0.0424,0.1004,0.0903,0.2936,24.7078,0.4958,0.7341,-6.0551,0.2066,3.5454,0.0935
181.4082,398.3665,169.7237,0.0312,0.0,0.0127,0.0164,0.0537,0.0192,0.4147,0.0326,0.0084,0.1287,0.0298,0.054,19.694,0.3065,0.5858,-5.0628,0.3862,2.0271,0.4279
214.7795,508.5524,99.4836,0.0054,0.0001,0.0169,0.0155,0.0423,0.0537,1.1934,0.0196,0.0472,0.0985,0.0286,0.1537,9.1989,0.4636,0.5831,-2.8826,0.4348,1.8701,0.2049
200.7914,127.3594,125.2496,0.0234,0.0001,0.0037,0.0192,0.0557,0.1001,1.0669,0.0344,0.0674,0.0847,0.0426,0.0078,10.6148,0.6016,0.5933,-4.7151,0.2288,2.6951,0.5223
140.4965,581.3431,144.9192,0.0086,0.0001,0.0137,0.0058,0.0306,0.0952,0.7798,0.0552,0.038,0.1094,0.0979,0.0915,9.5078,0.4512,0.6347,-6.8175,0.0979,1.8236,0.4142
130.7827,196.6826,112.0631,0.0187,0.0001,0.0078,0.0053,0.0287,0.0135,1.2345,0.0096,0.0153,0.1261,0.1338,0.1404,20.956,0.3111,0.6819,-6.215,0.1439,1.9928,0.1082
97.0813,585.4759,77.3172,0.0129,0.0002,0.0133,0.0059,0.0221,0.0422,0.7782,0.0496,0.0464,0.0781,0.1493,0.1335,15.2104,0.4192,0.783,-5.2947,0.2512,1.8657,0.201
126.0386,534.5116,88.2482,0.0094,0.0,0.0184,0.0049,0.0169,0.0527,0.6744,0.0192,0.0178,0.0244,0.0852,0.0502,12.4567,0.442,0.7219,-5.7866,0.4368,3.4167,0.2295
176.1476,119.1835,128.1957,0.0115,0.0003,0.0074,0.0009,0.0511,0.0883,1.1494,0.0264,0.0605,0.0603,0.0834,0.0898,24.9931,0.347,0.6869,-4.1955,0.3284,1.9256,0.1151
204.9808,445.6583,104.0798,0.0296,0.0001,0.0109,0.0111,0.0204,0.0127,0.9515,0.0389,0.0491,0.0702,0.0459,0.0665,28.4408,0.2967,0.8112,-2.533,0.1573,2.7935,0.4906
134.1618,515.9728,166.6929,0.024,0.0,0.0167,0.0154,0.0291,0.1182,0.384,0.0233,0.0626,0.1279,0.0325,0.1683,10.9616,0.3975,0.6517,-5.6592,0.424,3.6329,0.1447
91.986,437.7938,90.6951,0.019,0.0002,0.0047,0.0012,0.0269,0.0434,1.1256,0.0047,0.0125,0.0787,0.0505,0.0821,22.953,0.5142,0.6796,-5.6514,0.1032,2.4923,0.4187
127.9048,377.8145,124.5969,0.022,0.0001,0.0185,0.0172,0.0039,0.0838,0.1418,0.0209,0.0245,0.0684,0.1566,0.066,15.3541,0.4216,0.7677,-3.9599,0.2334,2.5498,0.4804
122.4789,227.5019,175.519,0.0208,0.0002,0.0107,0.0019,0.0555,0.1147,0.7264,0.0099,0.0083,0.0814,0.1358,0.3022,17.1447,0.2676,0.6911,-6.6024,0.2554,3.2444,0.2213
198.5554,197.22,86.6567,0.0037,0.0,0.0075,0.0123,0.0051,0.0519,1.265,0.0328,0.0462,0.0179,0.0374,0.0069,26.2466,0.2867,0.7148,-6.5561,0.4493,2.3466,0.3624
220.9314,488.7902,82.3683,0.0168,0.0,0.0139,0.0118,0.0325,0.0741,0.186,0.0322,0.042,0.0377,0.1209,0.0901,15.3849,0.5939,0.7839,-2.686,0.2383,1.9102,0.3078
145.1072,467.3815,95.7498,0.0278,0.0002,0.0089,0.0094,0.0524,0.0266,0.3817,0.0532,0.0786,0.0819,0.1045,0.2115,12.9262,0.5922,0.68,-6.4792,0.3814,2.8351,0.2498
145.6483,395.0584,153.85,0.0019,0.0,0.0024,0.0017,0.0554,0.081,0.5535,0.0252,0.0569,0.1165,0.1338,0.0249,8.9502,0.3967,0.5748,-5.8679,0.3402,3.644,0.1627
188.9768,500.832,168.4703,0.0276,0.0002,0.0118,0.01,0.0318,0.0542,0.4583,0.0197,0.0666,0.0903,0.0849,0.1461,26.1602,0.4477,0.8221,-3.2719,0.1036,3.6327,0.5192
189.7308,250.0396,87.3473,0.0323,0.0,0.0022,0.0023,0.0494,0.1173,1.2752,0.0066,0.0243,0.093,0.0497,0.1358,13.909,0.4996,0.5927,-3.5761,0.3633,3.6207,0.4315
189.5863,542.5686,138.2394,0.0046,0.0002,0.016,0.0184,0.0567,0.0659,0.9078,0.0201,0.0723,0.1189,0.1376,0.2051,18.1484,0.4575,0.7324,-3.0039,0.4276,3.1471,0.3535
92.9141,556.6054,78.1182,0.0167,0.0002,0.0069,0.0029,0.0392,0.0862,0.1578,0.0262,0.0668,0.102,0.0714,0.0831,21.3677,0.452,0.723,-6.2552,0.1408,2.7943,0.5029
194.5818,525.3048,130.6623,0.0082,0.0001,0.0102,0.0102,0.0154,0.0791,1.2834,0.0167,0.0487,0.0506,0.1019,0.2936,16.3465,0.5388,0.7819,-5.7532,0.3416,2.2075,0.1364
138.6557,117.7416,106.6316,0.0144,0.0003,0.0082,0.0118,0.0407,0.0419,0.2258,0.0136,0.0379,0.1067,0.0903,0.0406,11.1729,0.6377,0.6374,-6.495,0.3606,1.7921,0.1593
221.1393,187.236,69.6303,0.0261,0.0002,0.0094,0.0177,0.0282,0.0999,0.2309,0.0097,0.0159,0.1375,0.0935,0.2059,13.4463,0.3423,0.5957,-5.7744,0.2245,3.2354,0.179
189.5698,143.9898,150.5114,0.0073,0.0002,0.0129,0.0074,0.0521,0.1093,1.1298,0.0221,0.0754,0.0613,0.1041,0.2138,25.6551,0.2896,0.7491,-5.7809,0.1284,1.8238,0.1322
186.0911,176.3453,152.2127,0.0326,0.0,0.0024,0.0037,0.0517,0.0436,0.5842,0.0188,0.05,0.1328,0.0682,0.0988,19.0992,0.5038,0.8135,-6.5163,0.401,3.5259,0.2908
201.7551,397.9077,104.5667,0.0237,0.0002,0.0158,0.0123,0.0449,0.0521,0.978,0.0333,0.032,0.015,0.1437,0.1598,25.2214,0.3451,0.7563,-6.2419,0.3281,2.7058,0.5235
92.1857,239.4087,146.551,0.0093,0.0002,0.0096,0.0083,0.0604,0.0741,0.9899,0.0367,0.0457,0.1128,0.0212,0.1812,12.4232,0.4751,0.7169,-5.626,0.1518,3.0797,0.4663
212.5133,493.3051,129.331,0.0092,0.0002,0.0009,0.0094,0.0417,0.0732,0.345,0.0252,0.034,0.0578,0.0754,0.1289,9.7245,0.337,0.7983,-5.255,0.1681,3.0045,0.4632
158.9724,135.7653,117.1978,0.026,0.0001,0.0196,0.01,0.0412,0.0744,0.6262,0.0221,0.0094,0.0878,0.1013,0.2986,13.3647,0.6498,0.632,-3.2599,0.3343,2.0546,0.2157
109.0381,328.2451,123.7786,0.0215,0.0001,0.0138,0.0153,0.0257,0.0297,0.1099,0.0124,0.062,0.0406,0.1231,0.1278,14.4716,0.5419,0.7427,-4.0397,0.2927,3.079,0.5001
171.4075,457.5529,190.3883,0.0299,0.0001,0.0185,0.0118,0.0181,0.0603,1.2723,0.0491,0.0557,0.088,0.0612,0.2071,26.4873,0.5074,0.8127,-5.3304,0.1884,1.8332,0.512
179.2904,353.3603,91.0832,0.0044,0.0002,0.006,0.0169,0.0303,0.1005,0.9827,0.0459,0.0365,0.0889,0.0361,0.1332,20.8445,0.552,0.8177,-2.9059,0.3584,2.4208,0.1839
124.8084,268.4927,75.4772,0.0304,0.0003,0.0009,0.0046,0.0338,0.0577,0.464,0.0127,0.039,0.0551,0.1167,0.293,23.4786,0.5963,0.725,-3.3383,0.3608,2.4343,0.4661
105.324,186.7019,183.6722,0.0289,0.0002,0.0205,0.0037,0.0455,0.0566,0.8275,0.027,0.0668,0.0085,0.1631,0.2729,26.145,0.3388,0.7167,-3.3728,0.331,3.2823,0.1112
102.4044,576.2128,180.6669,0.0203,0.0001,0.004,0.0093,0.0494,0.0374,0.8675,0.0149,0.0212,0.0809,0.1056,0.3124,10.2694,0.3509,0.6566,-2.6655,0.2287,2.0035,0.3051
114.9213,523.8694,138.1429,0.0262,0.0002,0.0016,0.0028,0.0302,0.0881,0.9557,0.0064,0.0375,0.0599,0.053,0.2447,25.3776,0.5456,0.746,-2.5563,0.281,3.177,0.4221
210.9221,325.8379,68.0534,0.0306,0.0002,0.0054,0.0128,0.0436,0.0969,0.1951,0.0231,0.0792,0.1232,0.0963,0.0331,23.4498,0.5174,0.6047,-5.2209,0.0756,3.594,0.1027
90.5806,448.1818,123.4771,0.0154,0.0,0.0124,0.0091,0.0051,0.0373,0.9064,0.0399,0.0165,0.0613,0.0809,0.2832,17.7044,0.4019,0.6257,-4.5309,0.0983,3.2128,0.4876
127.7577,448.0092,131.7863,0.0078,0.0001,0.0052,0.0026,0.0573,0.1158,0.7782,0.0418,0.0145,0.0471,0.0924,0.2099,9.0949,0.4347,0.6868,-6.7021,0.4379,2.7841,0.4323
126.9119,264.5677,122.6381,0.0057,0.0,0.006,0.0193,0.0147,0.0266,0.3593,0.008,0.039,0.0465,0.0752,0.1937,28.2504,0.3827,0.6699,-6.3563,0.3556,1.9862,0.3975
221.9731,509.4516,140.8949,0.0195,0.0001,0.0128,0.0059,0.02,0.0334,0.8793,0.0193,0.0541,0.0609,0.1344,0.1373,17.7119,0.474,0.5791,-5.0094,0.3493,2.8832,0.1459
135.6455,185.7335,186.9782,0.0035,0.0001,0.0081,0.0027,0.0295,0.0143,0.6762,0.036,0.0462,0.0363,0.0558,0.0498,19.5805,0.6363,0.609,-5.0185,0.0917,3.3514,0.1158
221.58,184.258,103.947,0.0284,0.0002,0.0177,0.0067,0.007,0.116,0.4393,0.0422,0.0128,0.0472,0.0895,0.2297,23.3027,0.2827,0.6183,-3.6089,0.4065,2.3658,0.1531
194.3025,487.6849,66.5295,0.0153,0.0003,0.0041,0.0192,0.0535,0.0126,0.4945,0.0552,0.0577,0.0602,0.1059,0.0308,11.3626,0.5417,0.7386,-5.9401,0.1099,3.1713,0.3362
176.1551,266.9533,158.6314,0.0318,0.0001,0.0041,0.0187,0.0135,0.0667,0.8702,0.0462,0.0395,0.1183,0.0923,0.1676,21.4941,0.2826,0.6991,-3.4666,0.142,3.4375,0.2491
118.0654,284.4924,144.756,0.0271,0.0001,0.0165,0.0149,0.064,0.0806,0.8559,0.0386,0.0287,0.0778,0.1257,0.116,27.3354,0.6068,0.777,-2.6703,0.3437,2.1259,0.5255
150.4941,581.3281,71.842,0.0259,0.0002,0.0138,0.018,0.0233,0.076,0.1166,0.0544,0.0529,0.1108,0.0971,0.2094,10.3759,0.2934,0.6316,-4.2407,0.1902,2.6638,0.308
127.8919,316.4065,77.7374,0.0314,0.0001,0.0024,0.0114,0.0245,0.0229,0.5673,0.0064,0.0504,0.1274,0.1505,0.0038,19.1745,0.5916,0.8186,-3.8181,0.3884,2.7067,0.4298
197.9509,573.5011,197.4382,0.0261,0.0002,0.0115,0.0082,0.0279,0.094,0.4636,0.0285,0.0638,0.0162,0.0909,0.1926,25.9882,0.4449,0.6663,-3.6737,0.4209,3.2094,0.5156
181.6584,275.3433,79.5956,0.0068,0.0001,0.0123,0.0121,0.0255,0.0705,1.061,0.0159,0.0638,0.083,0.1358,0.079,15.9594,0.3016,0.8124,-2.5352,0.3541,2.9901,0.1888
141.0911,118.9156,133.4925,0.0228,0.0002,0.0132,0.0178,0.022,0.0575,1.2038,0.0425,0.0631,0.0579,0.066,0.2073,23.2621,0.3801,0.7467,-4.6006,0.2551,2.6998,0.3176
106.4348,120.0969,139.4809,0.0171,0.0001,0.0115,0.0188,0.0563,0.0486,0.2379,0.0182,0.032,0.0518,0.1568,0.009,28.7451,0.6205,0.7655,-6.816,0.0819,3.3745,0.145
166.826,549.3329,187.5031,0.0099,0.0002,0.0074,0.0096,0.0507,0.0709,0.2939,0.0098,0.034,0.0122,0.1371,0.2958,10.3749,0.3475,0.753,-4.4554,0.0687,3.1771,0.1536
190.2948,158.6413,99.9137,0.0051,0.0002,0.0049,0.0061,0.0259,0.0372,0.3809,0.0302,0.042,0.1034,0.1658,0.0496,16.3086,0.2745,0.7973,-6.9861,0.2043,3.392,0.4315
155.9888,130.486,87.1494,0.0267,0.0,0.0155,0.0166,0.0232,0.027,0.8023,0.0154,0.0781,0.1033,0.0619,0.049,13.574,0.3845,0.5829,-7.112,0.2591,2.196,0.2128
164.1376,525.4259,71.0102,0.0275,0.0,0.0014,0.0099,0.031,0.0687,1.1456,0.0401,0.0466,0.0966,0.0993,0.1835,22.8325,0.5249,0.6535,-2.7289,0.4485,3.663,0.4612
220.3486,257.697,96.1796,0.0224,0.0001,0.0076,0.0068,0.0552,0.0194,0.1236,0.0251,0.0685,0.1315,0.0621,0.2034,22.5923,0.4447,0.709,-6.8989,0.3223,2.907,0.3481
119.0202,432.7506,123.8675,0.0242,0.0002,0.018,0.0111,0.005,0.0923,1.1133,0.0399,0.0301,0.1176,0.0427,0.1238,8.8307,0.6075,0.6041,-3.0568,0.0981,3.4348,0.3037
123.6528,507.9682,86.7152,0.0127,0.0002,0.0076,0.0076,0.028,0.0729,0.8539,0.0371,0.065,0.0346,0.1007,0.0917,20.8908,0.6825,0.5837,-4.0087,0.2292,3.2574,0.3098
131.6794,242.0247,80.2846,0.0085,0.0002,0.0099,0.0161,0.0417,0.0616,0.7267,0.0236,0.0388,0.0523,0.0262,0.1081,26.992,0.6135,0.5805,-3.0839,0.3464,3.3681,0.4591
204.7003,127.7624,109.6233,0.0263,0.0,0.0146,0.0128,0.0229,0.0826,0.1519,0.0302,0.075,0.0903,0.1673,0.2541,20.2325,0.5817,0.5876,-3.126,0.3555,3.6682,0.2878
184.9894,222.8561,72.2693,0.0152,0.0001,0.0104,0.015,0.0167,0.0581,1.1646,0.0419,0.0519,0.0711,0.1579,0.0734,28.2501,0.525,0.8001,-3.0953,0.1069,2.9591,0.1486
185.2661,119.7695,87.4534,0.0059,0.0002,0.0051,0.0012,0.0546,0.1167,0.9643,0.0109,0.0707,0.0832,0.101,0.0189,18.2781,0.3231,0.704,-3.1939,0.1607,2.2364,0.4532
216.9702,446.9076,145.1441,0.0035,0.0001,0.0014,0.0195,0.0423,0.026,0.1128,0.0363,0.0065,0.07,0.0939,0.016,28.1197,0.6463,0.8089,-5.6017,0.2288,2.6874,0.3803
171.2497,430.1084,131.8607,0.0162,0.0002,0.0168,0.011,0.0103,0.0992,0.4571,0.0253,0.0638,0.0167,0.0413,0.2611,24.4207,0.5332,0.6894,-3.8792,0.2989,3.5072,0.206
148.4255,231.0451,84.5488,0.022,0.0002,0.02,0.0147,0.0206,0.022,0.5245,0.0211,0.0775,0.0325,0.0679,0.2326,11.283,0.4542,0.8028,-6.9497,0.3353,3.4415,0.3586
173.9071,324.3748,118.2257,0.0023,0.0002,0.0153,0.0155,0.0549,0.0479,0.8852,0.0446,0.0486,0.0726,0.0219,0.0194,12.7807,0.5098,0.739,-4.7476,0.0763,2.5121,0.4421
130.0485,211.4462,92.3466,0.0112,0.0002,0.0093,0.0182,0.0082,0.0212,0.6217,0.0128,0.0128,0.0382,0.0662,0.2663,28.0359,0.3742,0.5872,-5.9995,0.0977,3.0104,0.4341
96.8987,386.3755,76.2933,0.019,0.0002,0.0124,0.0096,0.0234,0.0135,0.5037,0.0144,0.0116,0.1042,0.1042,0.0869,13.4737,0.508,0.8234,-3.9913,0.2087,1.9234,0.187
99.7555,427.534,72.6041,0.0216,0.0001,0.0189,0.0065,0.0436,0.0432,0.8368,0.0154,0.0287,0.0797,0.1477,0.1804,14.5494,0.2641,0.7936,-3.5155,0.4479,2.7622,0.4306
176.7919,119.166,118.8549,0.0094,0.0002,0.0047,0.0127,0.0641,0.0154,0.4997,0.054,0.0752,0.0773,0.1236,0.2198,22.7354,0.2931,0.5965,-3.0289,0.2657,3.5299,0.269
123.9222,455.38,178.9394,0.0308,0.0,0.0194,0.0066,0.0488,0.069,0.9714,0.0407,0.0396,0.0621,0.1282,0.2318,27.6374,0.3365,0.7371,-4.4731,0.2968,3.223,0.4688
95.1627,344.4283,147.9165,0.0084,0.0002,0.0194,0.0128,0.0104,0.0579,0.1764,0.0214,0.0496,0.0397,0.09,0.1704,28.0986,0.277,0.6233,-7.0132,0.2052,3.1083,0.3999
92.6477,240.1167,68.4694,0.0243,0.0001,0.0177,0.0027,0.0453,0.0227,0.3904,0.031,0.0091,0.0214,0.1363,0.2519,26.486,0.3778,0.7133,-2.7585,0.2689,2.0215,0.1999
139.1525,344.9114,189.23,0.0297,0.0,0.0079,0.0052,0.0622,0.074,0.3589,0.0314,0.0611,0.009,0.0958,0.2868,26.7765,0.5695,0.6267,-5.4456,0.4267,2.5505,0.4464
148.6941,471.1005,95.456,0.0244,0.0,0.0213,0.0192,0.0565,0.0986,1.017,0.0136,0.037,0.0855,0.1652,0.1003,18.6129,0.5991,0.6137,-6.7837,0.1283,2.7353,0.2251
220.6383,511.0126,72.4977,0.0225,0.0,0.0093,0.0096,0.0232,0.0827,1.2523,0.0083,0.0125,0.0768,0.1541,0.1182,15.1237,0.6372,0.7467,-4.5455,0.1086,3.314,0.2799
106.6577,265.7884,87.0646,0.0032,0.0003,0.0206,0.0122,0.033,0.0702,0.6072,0.0562,0.0509,0.0134,0.0737,0.015,19.5188,0.5151,0.8009,-5.4117,0.3642,2.3362,0.1719
134.9398,175.5634,79.3719,0.0172,0.0002,0.0183,0.0085,0.0335,0.072,1.1182,0.0156,0.0694,0.1372,0.0823,0.2171,11.7688,0.3789,0.5904,-5.2171,0.3138,2.3035,0.423
93.5551,138.9847,187.4138,0.0214,0.0002,0.0122,0.0059,0.0112,0.0417,0.562,0.0177,0.0107,0.0535,0.141,0.0906,28.0925,0.3009,0.799,-6.7834,0.34,2.1718,0.3043
167.1466,366.211,163.0062,0.0026,0.0001,0.0201,0.0061,0.0115,0.059,0.8619,0.0552,0.0074,0.111,0.0439,0.2349,10.1788,0.4279,0.7148,-4.0618,0.1913,3.5996,0.2148
100.8995,421.2783,113.7442,0.025,0.0,0.0072,0.0026,0.0258,0.08,0.1095,0.039,0.0297,0.0898,0.146,0.1839,10.0148,0.5323,0.8004,-2.8948,0.2981,2.4629,0.5261
216.1465,117.8945,157.6683,0.0049,0.0002,0.0114,0.018,0.058,0.111,0.1133,0.0254,0.0721,0.0205,0.0508,0.1587,29.8933,0.5537,0.7998,-4.7418,0.2345,2.8056,0.4548
177.8347,291.9998,196.4439,0.0168,0.0001,0.0197,0.0115,0.0442,0.1176,1.0781,0.0332,0.0506,0.1192,0.1219,0.0438,11.8862,0.5383,0.5938,-7.1071,0.4264,2.3396,0.2749
121.6922,144.6528,191.0827,0.0277,0.0003,0.0189,0.0034,0.0314,0.0202,0.7507,0.009,0.035,0.0284,0.0692,0.1398,21.1542,0.4108,0.8151,-7.0619,0.4117,2.8328,0.2391
209.8278,178.7711,174.8319,0.003,0.0002,0.0033,0.0112,0.0141,0.08,1.0476,0.044,0.059,0.0275,0.0809,0.3034,10.1631,0.6631,0.8228,-7.0777,0.399,3.6014,0.1559
136.109,128.4434,95.1226,0.0107,0.0,0.0088,0.009,0.0086,0.0934,0.1053,0.015,0.0544,0.0757,0.1492,0.1187,20.4808,0.6727,0.7849,-5.7913,0.1424,2.3911,0.5205
99.7395,466.5982,120.231,0.0131,0.0001,0.0124,0.0094,0.0547,0.09,0.2321,0.0438,0.0676,0.0434,0.1076,0.072,13.204,0.3503,0.8215,-5.5343,0.081,2.9334,0.1985
195.6932,315.2346,169.106,0.0155,0.0001,0.0072,0.0178,0.0025,0.0293,1.1633,0.0228,0.0557,0.1275,0.0972,0.2827,16.3166,0.3653,0.6476,-4.7745,0.0862,2.8303,0.4349
218.6275,132.3639,72.1674,0.0031,0.0002,0.0114,0.0169,0.0056,0.1128,0.9091,0.0096,0.0184,0.0269,0.137,0.208,28.119,0.6682,0.602,-4.9781,0.3225,3.4527,0.2324
140.7541,388.819,120.3939,0.0243,0.0003,0.0208,0.007,0.0198,0.0311,0.5527,0.0527,0.0296,0.1129,0.0194,0.2005,27.5824,0.5589,0.7832,-5.2934,0.2821,1.8744,0.1216
159.6917,376.9387,164.3394,0.0072,0.0003,0.0044,0.016,0.0168,0.1061,1.0696,0.0114,0.078,0.0965,0.0243,0.2888,29.4301,0.4201,0.8216,-3.3153,0.1275,1.9706,0.1729
191.4322,152.8361,109.9086,0.0088,0.0,0.011,0.0052,0.027,0.0189,1.0062,0.0141,0.0116,0.137,0.0202,0.0261,13.6809,0.5883,0.6674,-3.2064,0.1906,3.3531,0.4058
152.033,503.6534,135.9414,0.0222,0.0003,0.0144,0.0081,0.0395,0.0524,1.1553,0.045,0.036,0.0954,0.0378,0.1955,13.5457,0.3816,0.6696,-4.7661,0.2202,3.6203,0.1157
161.0343,342.5068,132.4752,0.0022,0.0,0.0113,0.0081,0.0376,0.0708,1.1818,0.0123,0.0296,0.02,0.0451,0.1243,18.4458,0.5789,0.7371,-2.7753,0.2487,2.241,0.5168
119.9076,343.5068,117.0692,0.0258,0.0,0.0075,0.002,0.0157,0.1011,0.4792,0.0532,0.053,0.0434,0.1141,0.2484,10.1457,0.3896,0.7488,-5.2738,0.2903,3.4279,0.3485
170.0352,473.5797,128.8522,0.0185,0.0,0.0008,0.0162,0.0225,0.0266,0.7717,0.0412,0.0065,0.0539,0.0702,0.0982,12.549,0.5623,0.5991,-6.3477,0.2254,3.4713,0.2254
219.7657,331.4157,73.7664,0.0293,0.0002,0.0156,0.0077,0.0384,0.0947,0.9729,0.027,0.0389,0.1111,0.1624,0.1455,14.5681,0.5177,0.7656,-4.6047,0.1887,3.5513,0.4724
155.847,377.2715,152.3948,0.0259,0.0,0.0078,0.0019,0.0545,0.0929,1.2522,0.0197,0.0787,0.0988,0.0753,0.1605,16.351,0.6118,0.7398,-6.1579,0.1626,1.868,0.3125
211.8944,534.8395,110.5876,0.0279,0.0002,0.0043,0.0011,0.0336,0.0324,0.9448,0.0487,0.0369,0.0198,0.0169,0.0074,12.1889,0.3581,0.6658,-6.617,0.1913,1.82,0.2976
213.3052,544.8636,102.4123,0.0044,0.0001,0.0015,0.0089,0.0114,0.0606,1.1422,0.0254,0.0468,0.0408,0.1138,0.1469,12.8325,0.5122,0.5891,-5.09,0.3517,1.9556,0.1422
117.5401,338.7982,119.3857,0.0169,0.0002,0.0159,0.0194,0.0435,0.0693,0.6439,0.0318,0.0659,0.103,0.0281,0.124,22.0006,0.4228,0.7649,-3.031,0.207,3.3544,0.3857
151.114,231.5073,74.5822,0.0307,0.0002,0.0161,0.0159,0.0367,0.0556,1.1793,0.052,0.0738,0.0507,0.0588,0.1495,17.2198,0.5816,0.7699,-6.1287,0.2417,2.0846,0.1684
124.1246,229.4228,74.7877,0.013,0.0002,0.0154,0.019,0.0275,0.1095,0.6968,0.0128,0.0534,0.101,0.14,0.2405,25.1239,0.3166,0.7828,-6.0078,0.4462,3.1061,0.2685
89.2966,340.1946,100.3796,0.015,0.0001,0.0137,0.0049,0.027,0.0913,0.6341,0.043,0.0266,0.0768,0.0832,0.0187,25.7843,0.4116,0.7106,-4.7987,0.1864,2.7509,0.4007
194.5066,575.9801,128.981,0.0213,0.0003,0.0104,0.0102,0.039,0.1162,0.8371,0.0123,0.0071,0.0964,0.0944,0.2175,19.7986,0.2687,0.6265,-4.2799,0.3855,3.6245,0.4143
147.0023,110.0188,198.8697,0.0215,0.0,0.0105,0.0114,0.0565,0.1171,1.2388,0.0215,0.0684,0.131,0.1221,0.1903,13.0605,0.5549,0.5972,-5.6698,0.1252,3.5455,0.1542
196.0334,320.8496,87.768,0.0156,0.0002,0.0042,0.005,0.0567,0.0956,0.5384,0.0475,0.0638,0.1216,0.162,0.0775,11.2305,0.3289,0.7097,-5.8661,0.2183,3.5603,0.271
127.7191,193.7184,78.1768,0.0222,0.0,0.0081,0.011,0.0252,0.1148,0.7191,0.0169,0.047,0.113,0.043,0.1001,19.0202,0.3442,0.8042,-3.1289,0.1814,2.3605,0.2259
164.9101,450.6339,90.0056,0.019,0.0002,0.0201,0.0063,0.0474,0.0135,0.7347,0.0209,0.0354,0.1046,0.1187,0.2132,28.7601,0.5795,0.7634,-3.6718,0.3153,3.114,0.2801
156.4202,572.3678,193.8032,0.0312,0.0,0.0144,0.0016,0.0078,0.0247,0.666,0.0224,0.0572,0.0682,0.1048,0.2521,9.7802,0.2975,0.6573,-3.8245,0.1782,1.9615,0.0975
113.8791,322.0625,100.5611,0.0194,0.0001,0.0038,0.0051,0.0365,0.0865,1.2417,0.0206,0.0233,0.1055,0.0527,0.2613,21.8188,0.3987,0.6385,-6.8606,0.1929,2.8955,0.5015
211.8454,208.4641,170.0097,0.0123,0.0001,0.0108,0.0194,0.0347,0.114,1.0922,0.0277,0.0758,0.0404,0.1075,0.1864,28.4475,0.3038,0.7402,-6.8331,0.0641,3.3276,0.508
221.6861,501.7642,159.8668,0.0167,0.0001,0.0128,0.0026,0.0451,0.0282,0.2621,0.0314,0.0133,0.0654,0.0682,0.3038,17.556,0.4584,0.6301,-6.3622,0.1506,3.4886,0.3328
199.05,345.5235,161.3883,0.0155,0.0,0.0027,0.0156,0.0248,0.0118,0.6514,0.056,0.0719,0.1272,0.0987,0.096,28.4951,0.6661,0.6095,-6.5665,0.3215,1.969,0.128
217.2773,413.374,186.3794,0.0245,0.0002,0.0067,0.0085,0.0374,0.0372,0.8486,0.0476,0.0143,0.0259,0.0383,0.134,8.4942,0.6099,0.7699,-6.3666,0.389,2.0418,0.4853
129.9693,439.5602,149.193,0.0042,0.0002,0.0158,0.0063,0.061,0.1013,0.7245,0.021,0.0254,0.1087,0.0606,0.1101,21.7301,0.4307,0.6268,-5.8344,0.1534,1.9731,0.1279
175.8245,364.6656,120.3266,0.0258,0.0001,0.0208,0.0188,0.016,0.1005,0.6341,0.0091,0.0418,0.1322,0.1573,0.0127,18.4632,0.3212,0.6633,-3.4294,0.0836,3.5075,0.3015
107.3899,524.8166,130.7709,0.0224,0.0001,0.013,0.0072,0.0626,0.0326,0.5418,0.0075,0.0122,0.0824,0.1616,0.0813,10.2033,0.6701,0.6311,-3.2386,0.403,3.5107,0.2953
107.2809,275.9925,128.7751,0.0136,0.0001,0.0182,0.0162,0.0351,0.0873,0.2601,0.0131,0.0111,0.0216,0.0336,0.2485,26.3246,0.5073,0.6491,-3.1156,0.1642,3.454,0.1827
127.7432,524.8617,72.7009,0.029,0.0,0.0055,0.0111,0.0442,0.0302,0.7428,0.0385,0.0618,0.0321,0.0761,0.0968,19.9833,0.5323,0.6725,-2.7647,0.3948,2.4984,0.2459
165.4027,517.5297,162.0388,0.007,0.0002,0.012,0.0097,0.0029,0.0842,0.9458,0.0423,0.0679,0.043,0.0869,0.0982,21.6719,0.4828,0.7359,-6.7395,0.1645,3.0638,0.4806
194.7361,500.3021,135.0434,0.0271,0.0002,0.0117,0.0055,0.0133,0.0898,0.2543,0.0483,0.0717,0.026,0.1224,0.0853,20.7331,0.4807,0.7629,-6.5982,0.0961,2.5898,0.4898
128.5679,331.263,187.3792,0.0143,0.0001,0.0174,0.0063,0.0577,0.0943,0.822,0.0144,0.0376,0.0108,0.1215,0.2353,13.2958,0.3903,0.7188,-6.8572,0.2592,2.19,0.5107
94.302,484.6967,168.7822,0.0257,0.0003,0.0054,0.0195,0.052,0.0133,0.1425,0.0101,0.0065,0.0183,0.0136,0.0567,13.0396,0.4853,0.6975,-3.841,0.26,1.9344,0.4352
101.3675,120.5358,98.0762,0.0066,0.0,0.0139,0.001,0.0592,0.057,0.1192,0.045,0.0736,0.0146,0.0541,0.2032,21.9686,0.421,0.7251,-3.1826,0.3158,2.5291,0.3769
102.8284,470.3898,99.3651,0.0251,0.0001,0.0193,0.0188,0.0421,0.1118,0.7915,0.0209,0.0609,0.0648,0.0831,0.1878,24.4211,0.3526,0.772,-5.3978,0.1441,2.5822,0.1394
141.1469,214.7522,153.9601,0.002,0.0,0.0189,0.003,0.0268,0.1095,0.551,0.0496,0.0295,0.1048,0.0732,0.2023,28.953,0.5675,0.8143,-6.0241,0.0693,3.6637,0.4184
127.1293,230.465,162.4592,0.0176,0.0,0.0024,0.0119,0.0187,0.025,1.2886,0.0501,0.0732,0.1347,0.0788,0.0363,25.5737,0.6482,0.701,-6.1691,0.1896,3.1218,0.1269
102.507,494.4972,75.1184,0.0204,0.0001,0.0204,0.0122,0.0154,0.0445,0.6665,0.0065,0.0155,0.0189,0.1306,0.2071,20.305,0.6195,0.5857,-6.9087,0.2427,3.5537,0.2758
140.9724,113.9003,123.9872,0.006,0.0,0.0067,0.0014,0.0419,0.0892,0.873,0.0421,0.0597,0.0774,0.0745,0.1197,20.3444,0.3155,0.7484,-6.5974,0.281,3.0362,0.1724
117.7513,122.8808,163.3576,0.0208,0.0002,0.0099,0.0115,0.0166,0.0843,0.4608,0.0292,0.0194,0.0784,0.1615,0.1256,28.2315,0.6772,0.7446,-6.6023,0.1617,2.0376,0.4215
132.2256,573.722,135.7124,0.0019,0.0002,0.0085,0.0124,0.0056,0.0254,0.8974,0.0301,0.038,0.0624,0.0743,0.299,16.0827,0.3595,0.6731,-5.1807,0.1242,1.9632,0.357
194.9515,563.4795,86.2274,0.0266,0.0002,0.0099,0.0024,0.0046,0.1094,0.7396,0.0296,0.0457,0.1155,0.0973,0.112,15.3541,0.3639,0.7988,-3.2451,0.4502,1.8475,0.4103
112.1957,149.2227,151.9925,0.0236,0.0002,0.0059,0.0019,0.0444,0.1007,0.0998,0.0217,0.0456,0.0451,0.0173,0.2401,26.1035,0.2957,0.7401,-5.6315,0.3925,1.8659,0.2846
150.1627,354.9144,107.1137,0.003,0.0002,0.013,0.0169,0.059,0.1108,0.101,0.0274,0.0641,0.0929,0.1344,0.104,23.289,0.6648,0.697,-4.6194,0.4237,1.8718,0.1536
88.5862,203.5108,69.6325,0.029,0.0001,0.0122,0.005,0.0513,0.0363,0.4029,0.0288,0.0322,0.0179,0.1384,0.0535,13.9499,0.6366,0.6848,-4.3952,0.2972,2.6785,0.1731
194.6487,166.5062,161.0097,0.0197,0.0002,0.0108,0.002,0.0248,0.0784,0.5944,0.0352,0.0727,0.1015,0.0365,0.1547,11.3835,0.3648,0.6593,-6.3481,0.1293,3.1528,0.3079
213.6136,201.683,117.3521,0.0048,0.0002,0.0197,0.0133,0.0518,0.0894,0.4997,0.0249,0.0419,0.1328,0.1345,0.2535,13.2867,0.3833,0.8156,-3.3534,0.2627,2.9631,0.1927
118.8458,404.5384,119.0508,0.0329,0.0001,0.0187,0.0144,0.0564,0.0579,0.3526,0.0122,0.0581,0.1136,0.1368,0.2183,9.189,0.3507,0.6874,-6.0085,0.1385,1.8,0.1875
172.5634,498.6937,188.3296,0.0191,0.0,0.0203,0.0091,0.0086,0.0123,0.6722,0.0563,0.0419,0.0787,0.0285,0.1714,27.0534,0.646,0.8163,-3.9825,0.4488,1.8584,0.1134
195.2287,566.7719,141.2834,0.0069,0.0,0.0085,0.016,0.0626,0.0809,0.1936,0.0338,0.0426,0.061,0.1685,0.2341,23.1264,0.5581,0.6083,-4.8895,0.2506,2.0165,0.1978
210.8799,132.3566,129.3481,0.0037,0.0002,0.0143,0.0038,0.017,0.0467,0.3738,0.02,0.0702,0.046,0.1319,0.2434,16.4535,0.4642,0.7153,-4.1388,0.1921,3.5927,0.1968
204.0892,134.3767,170.6604,0.002,0.0001,0.0007,0.0123,0.0462,0.0489,0.389,0.0471,0.0539,0.0768,0.094,0.0479,16.2632,0.639,0.7015,-6.7777,0.4307,3.4901,0.3532
105.1712,527.2264,121.8695,0.0057,0.0001,0.0114,0.0107,0.0188,0.1097,0.1226,0.0443,0.021,0.0605,0.0491,0.0254,8.9675,0.4869,0.5912,-6.6893,0.3004,3.5125,0.1594
155.3663,354.6175,77.4397,0.0244,0.0001,0.0128,0.016,0.0456,0.0393,0.1815,0.012,0.0257,0.1118,0.1369,0.3116,10.5497,0.4972,0.7118,-6.9167,0.0821,2.4095,0.1657
150.044,418.8375,103.9,0.0256,0.0002,0.0136,0.0131,0.0156,0.0737,0.7132,0.0374,0.0322,0.0935,0.1602,0.1331,19.2251,0.4981,0.5773,-2.5451,0.3898,1.779,0.4765
176.0439,129.0078,70.7603,0.0017,0.0002,0.0174,0.0019,0.0566,0.0329,1.1694,0.0562,0.0766,0.1038,0.1059,0.2754,19.9823,0.4261,0.8123,-5.8781,0.35,3.511,0.273
215.6564,263.1281,157.714,0.0063,0.0001,0.0173,0.0192,0.0269,0.0815,0.3515,0.0102,0.0375,0.0189,0.0921,0.1619,21.0359,0.3348,0.6302,-4.8397,0.1549,1.7771,0.4194
103.0942,141.7519,168.1233,0.0305,0.0002,0.0158,0.0018,0.0473,0.0211,1.1971,0.0287,0.0717,0.0875,0.0742,0.1772,15.5389,0.3152,0.6939,-4.3416,0.4278,3.149,0.4178
133.3615,320.7013,192.9578,0.0212,0.0002,0.0061,0.0108,0.0459,0.0592,0.6581,0.0522,0.0551,0.1176,0.132,0.0069,15.422,0.6508,0.7558,-6.7282,0.1829,2.3308,0.3527
126.3039,394.8999,178.0605,0.0031,0.0,0.0033,0.014,0.0348,0.0192,1.0022,0.0487,0.0782,0.1189,0.0718,0.1669,20.1318,0.4549,0.6355,-2.8983,0.3904,2.3543,0.2914
212.8865,558.9762,183.718,0.0257,0.0002,0.0016,0.0156,0.0256,0.0358,1.0663,0.0058,0.0209,0.0925,0.1558,0.1289,15.4522,0.6002,0.8221,-5.9638,0.4499,1.9094,0.1052
207.9308,421.7826,160.8046,0.0246,0.0001,0.0187,0.0177,0.0108,0.0143,0.654,0.0455,0.0271,0.1178,0.1316,0.1172,12.7198,0.5073,0.5942,-4.3746,0.2475,3.1048,0.4097
189.3459,315.6098,92.3797,0.0121,0.0001,0.0105,0.0106,0.0385,0.1046,0.3715,0.0413,0.0306,0.0089,0.0676,0.1545,26.6354,0.3284,0.6803,-3.5803,0.4023,1.9902,0.1722
172.609,530.337,85.8455,0.0021,0.0001,0.021,0.013,0.0502,0.096,1.2487,0.0555,0.0157,0.0482,0.0544,0.1598,12.5171,0.3605,0.7965,-5.9041,0.4342,2.1172,0.2541
164.8,350.9259,117.5802,0.0274,0.0,0.0099,0.017,0.0116,0.1062,1.2537,0.0442,0.0171,0.1155,0.1572,0.1942,29.4216,0.3461,0.7838,-6.2225,0.3436,2.8227,0.3957
208.3758,257.0023,141.1547,0.011,0.0001,0.0129,0.007,0.0036,0.0979,0.4928,0.0069,0.0137,0.1088,0.1526,0.0048,15.5246,0.2707,0.7122,-5.1606,0.0974,1.8253,0.2542
175.4174,430.3316,151.1623,0.0032,0.0003,0.0052,0.0155,0.0365,0.1126,0.936,0.0452,0.0316,0.0929,0.0352,0.0451,22.243,0.5115,0.6497,-6.093,0.0668,1.9616,0.2891
180.6793,129.1828,118.4535,0.0054,0.0001,0.0183,0.0077,0.057,0.0962,1.2586,0.0229,0.0428,0.0723,0.137,0.0647,20.4909,0.4767,0.6037,-4.3917,0.4074,1.8621,0.1642
106.8001,364.6675,125.5651,0.0184,0.0002,0.021,0.0076,0.04,0.1039,1.2645,0.0046,0.0325,0.009,0.0888,0.1382,29.2639,0.3842,0.7759,-6.3649,0.4174,3.3254,0.1506
196.2395,575.6074,152.1379,0.0103,0.0001,0.0157,0.0106,0.0573,0.0346,0.567,0.0047,0.0289,0.0381,0.1023,0.1286,18.2088,0.6706,0.647,-6.1587,0.1761,3.098,0.4489
209.3588,559.1997,171.6588,0.029,0.0002,0.0053,0.0067,0.0465,0.0952,0.6902,0.0271,0.0231,0.059,0.1418,0.2223,9.1382,0.3738,0.6744,-4.1549,0.1752,2.3983,0.1062
154.1749,102.5765,108.4606,0.0052,0.0002,0.0184,0.0062,0.0339,0.1138,1.1782,0.0436,0.0279,0.0786,0.1489,0.1302,13.9332,0.5346,0.7078,-5.3649,0.4331,3.575,0.4187
103.2128,575.1331,85.7079,0.007,0.0,0.0158,0.0114,0.0248,0.0558,0.4364,0.0314,0.0714,0.1138,0.1249,0.1396,16.8439,0.3937,0.7461,-2.9991,0.1758,3.5148,0.3891
95.0795,552.706,115.2099,0.0212,0.0002,0.0167,0.0064,0.0072,0.0716,1.0344,0.031,0.0373,0.0361,0.0304,0.1583,12.9051,0.5423,0.6333,-4.437,0.3386,1.885,0.1987
91.4381,429.0238,112.016,0.0034,0.0003,0.0085,0.0096,0.0266,0.0134,0.9386,0.0107,0.0337,0.1182,0.0626,0.103,28.5177,0.5887,0.8102,-5.1418,0.0878,3.1222,0.3026
97.5602,511.2509,126.2066,0.0125,0.0002,0.0024,0.01,0.03,0.0129,0.9788,0.0277,0.0631,0.1148,0.0974,0.0611,17.2634,0.6583,0.5948,-3.42,0.2473,3.135,0.3819
179.888,436.1474,102.276,0.0182,0.0001,0.0077,0.0125,0.0588,0.0712,0.726,0.0479,0.0253,0.0456,0.0178,0.3064,23.0467,0.2816,0.6731,-4.0902,0.4148,3.3621,0.2026
150.308,453.1517,76.5089,0.024,0.0001,0.0148,0.0145,0.0026,0.0659,0.1239,0.0531,0.069,0.079,0.1545,0.0289,13.2023,0.5685,0.6157,-5.1467,0.086,2.1679,0.3104
204.519,222.1395,129.9949,0.0158,0.0002,0.0174,0.0102,0.0353,0.0722,0.4516,0.0521,0.0539,0.0082,0.1227,0.0715,19.9627,0.5426,0.6401,-6.397,0.1798,2.2385,0.325
151.1267,257.4054,163.8204,0.0145,0.0002,0.0093,0.0156,0.0252,0.0441,1.0885,0.0085,0.0564,0.092,0.0563,0.2895,13.3218,0.3088,0.6245,-2.5364,0.2457,2.5236,0.4377
180.7604,226.557,110.8046,0.0077,0.0002,0.0033,0.0045,0.0047,0.0751,1.0499,0.0116,0.009,0.13,0.0409,0.058,14.2252,0.3813,0.6473,-6.7052,0.1833,2.1406,0.3435
110.8397,276.3996,147.9104,0.0024,0.0002,0.0061,0.0122,0.0487,0.087,0.5152,0.0421,0.0372,0.0463,0.0962,0.1345,9.6738,0.2797,0.7131,-5.6582,0.2455,1.8707,0.2211
194.1418,422.0049,106.201,0.0294,0.0001,0.0139,0.0091,0.0222,0.0487,0.2641,0.0545,0.011,0.1031,0.1011,0.0448,17.4721,0.5666,0.7221,-3.0526,0.1952,2.8383,0.4491
149.2536,542.6934,153.0114,0.0291,0.0002,0.0166,0.0151,0.0209,0.0845,0.5219,0.02,0.0543,0.0743,0.1023,0.0115,23.4763,0.5609,0.5979,-3.366,0.077,2.6774,0.2103
191.2038,454.8662,169.7604,0.0127,0.0001,0.0117,0.0134,0.0531,0.0541,0.4816,0.0078,0.0165,0.0352,0.078,0.1105,11.9802,0.6024,0.6905,-5.2017,0.4094,3.4211,0.2388
153.5226,521.6314,157.6665,0.0218,0.0,0.0206,0.0157,0.0509,0.1087,0.2135,0.0538,0.0771,0.0745,0.0363,0.2965,9.8709,0.5392,0.6999,-6.1744,0.121,3.6593,0.4508
191.2849,551.617,81.1052,0.0195,0.0,0.0116,0.0102,0.061,0.0616,1.0102,0.0382,0.0258,0.1263,0.0445,0.177,9.5981,0.6812,0.6114,-6.8153,0.4232,2.6414,0.4672
97.8608,391.0589,171.4566,0.0274,0.0001,0.0053,0.0129,0.0571,0.0994,1.2907,0.0544,0.0451,0.0907,0.0842,0.0151,26.0521,0.3393,0.616,-2.8008,0.2656,1.8539,0.095
129.5403,370.4424,101.8467,0.0073,0.0002,0.0044,0.0011,0.0201,0.0721,0.7825,0.0274,0.0735,0.1362,0.0419,0.309,8.7558,0.6538,0.6596,-2.7683,0.2351,2.714,0.2266
183.7264,171.658,193.745,0.0318,0.0,0.0119,0.0053,0.0587,0.0241,0.8085,0.0198,0.0332,0.0461,0.1268,0.1852,14.7103,0.6795,0.6068,-4.3337,0.3965,3.6,0.2948
219.9797,555.8396,88.4999,0.0051,0.0001,0.0013,0.0076,0.044,0.0922,1.1955,0.0165,0.0397,0.1034,0.1317,0.1457,9.6911,0.432,0.7501,-5.4553,0.4173,1.8403,0.3763
107.6657,284.5496,156.1152,0.0165,0.0002,0.0161,0.0138,0.0124,0.0796,0.3327,0.0348,0.0634,0.0382,0.0588,0.3147,22.9659,0.6629,0.7886,-5.0692,0.1261,2.7786,0.4604
223.0484,463.2746,127.992,0.0126,0.0001,0.02,0.0121,0.0273,0.0647,0.6278,0.018,0.0335,0.1206,0.1125,0.2214,23.2814,0.3471,0.8102,-5.5319,0.0948,2.5199,0.3207
128.0898,102.6549,143.7317,0.0288,0.0001,0.0055,0.0123,0.0142,0.0623,0.4902,0.0204,0.0648,0.0615,0.1223,0.2284,27.4394,0.458,0.607,-4.1175,0.0766,2.2374,0.1034
202.3164,166.2935,175.7679,0.0159,0.0002,0.0017,0.0016,0.0529,0.0786,0.6367,0.0157,0.0779,0.0221,0.0582,0.1042,26.1003,0.5574,0.5959,-2.8959,0.1323,3.0096,0.3325
129.3797,223.446,128.3313,0.0217,0.0001,0.0173,0.0088,0.0266,0.0277,0.953,0.0158,0.0416,0.0559,0.1459,0.0505,13.5414,0.6437,0.81,-5.0637,0.2626,2.4366,0.433
99.8903,452.4716,135.0074,0.0226,0.0,0.0185,0.0104,0.0602,0.0413,0.2807,0.0382,0.0238,0.0355,0.0368,0.1944,19.3354,0.5157,0.7264,-4.0794,0.1241,3.1803,0.2014
172.0584,180.4152,146.9419,0.0129,0.0001,0.0134,0.0155,0.0197,0.0263,0.8881,0.0265,0.0191,0.0485,0.0421,0.2478,23.9325,0.409,0.5757,-2.6586,0.1698,2.398,0.2982
147.6776,264.9935,85.2781,0.0069,0.0002,0.0031,0.0012,0.0055,0.0549,1.1424,0.0248,0.0448,0.1012,0.0984,0.2635,27.1846,0.434,0.6608,-3.5725,0.3521,3.3288,0.499
115.1334,575.6338,134.5693,0.0027,0.0001,0.0094,0.0103,0.0623,0.013,1.1256,0.0206,0.033,0.1173,0.0308,0.1917,8.9536,0.6114,0.7433,-4.4558,0.353,3.5955,0.419
169.7382,231.4531,127.6876,0.0248,0.0001,0.014,0.0126,0.0426,0.0767,0.8374,0.0374,0.0769,0.1251,0.0299,0.1684,27.4478,0.4632,0.6084,-3.8474,0.1428,2.5794,0.5062
163.489,262.9145,172.3707,0.0299,0.0,0.0016,0.0153,0.0598,0.0631,1.2367,0.0341,0.0786,0.1279,0.0523,0.2665,18.456,0.675,0.815,-4.3959,0.1354,2.6409,0.2975
106.4929,153.3777,122.6675,0.022,0.0001,0.017,0.01,0.0344,0.0414,0.6235,0.0487,0.0461,0.0182,0.113,0.1872,29.6522,0.3808,0.5996,-6.4861,0.2613,3.0861,0.5172
166.1129,280.0294,163.2221,0.0106,0.0002,0.006,0.0131,0.0376,0.1042,1.2109,0.0115,0.0267,0.1138,0.0685,0.0738,23.7101,0.3229,0.5994,-2.5721,0.2312,1.8012,0.2461
123.2285,446.8953,73.6043,0.0235,0.0002,0.0181,0.0178,0.0424,0.0929,1.1408,0.0163,0.0248,0.0623,0.1097,0.2953,25.1451,0.3208,0.7,-3.981,0.3364,3.6371,0.3556
148.3658,493.2693,83.9396,0.0094,0.0,0.0193,0.0088,0.0297,0.0547,0.9405,0.0538,0.0745,0.0806,0.0335,0.2052,17.6046,0.2944,0.6143,-6.0003,0.1793,3.5395,0.3706
196.7859,267.9415,120.9975,0.0179,0.0002,0.0106,0.0035,0.0408,0.0523,0.5961,0.0189,0.0439,0.0681,0.1171,0.0433,24.0839,0.678,0.6781,-2.8396,0.2538,2.9731,0.4523
212.0627,470.9264,90.3385,0.0123,0.0002,0.0008,0.0122,0.0379,0.0713,0.4889,0.0541,0.0617,0.0839,0.1112,0.057,11.9079,0.2746,0.7193,-2.8224,0.2891,2.4279,0.2427
93.3567,134.3533,98.8198,0.0172,0.0002,0.0187,0.0151,0.0367,0.109,0.8134,0.0435,0.0516,0.1357,0.067,0.1599,20.6944,0.3992,0.8147,-4.4688,0.3585,2.6847,0.1004
119.6237,276.9964,108.3156,0.0094,0.0001,0.007,0.0095,0.0283,0.0451,0.3862,0.0056,0.0779,0.1112,0.1119,0.0153,16.1817,0.6744,0.7567,-4.857,0.4004,2.0396,0.2105
134.5437,341.7788,104.2196,0.0094,0.0002,0.0134,0.0129,0.0203,0.0852,0.5655,0.0136,0.0248,0.0082,0.1366,0.2869,24.1572,0.5834,0.7335,-3.6906,0.44,2.2379,0.4571
165.9658,532.8249,188.4326,0.0268,0.0001,0.0096,0.0059,0.0584,0.0455,0.452,0.0277,0.0783,0.1313,0.0938,0.2258,21.7198,0.5724,0.7141,-5.1589,0.3207,3.6469,0.2482
152.5277,102.5852,68.2834,0.0133,0.0001,0.0116,0.0054,0.0491,0.0275,0.3677,0.0256,0.0182,0.0736,0.0751,0.1262,19.6584,0.5009,0.7268,-2.8075,0.2469,3.2305,0.4324
166.3843,164.6622,152.4219,0.0079,0.0,0.0092,0.0053,0.0266,0.0413,0.9257,0.0549,0.0732,0.0154,0.0638,0.1499,24.8695,0.5747,0.6308,-3.2487,0.3757,2.2978,0.4715
157.5827,398.71,100.9676,0.0293,0.0,0.0013,0.0146,0.0338,0.1032,0.7567,0.0517,0.0062,0.0232,0.0136,0.2514,28.6822,0.5944,0.798,-4.67,0.2137,2.8416,0.3304
154.1728,119.6179,95.0716,0.0312,0.0001,0.015,0.0193,0.0249,0.0178,0.1102,0.0529,0.0401,0.0116,0.1119,0.0528,18.5095,0.6224,0.7177,-6.4724,0.1656,1.9346,0.4397
99.5154,203.9471,151.6604,0.0299,0.0002,0.0182,0.0074,0.0535,0.093,0.8644,0.0378,0.0092,0.0145,0.0925,0.2916,22.0192,0.2687,0.7321,-7.0336,0.2821,2.1786,0.3419
187.1452,562.2371,87.0316,0.0098,0.0,0.0181,0.0143,0.0184,0.1115,1.0784,0.014,0.042,0.0228,0.1379,0.0233,17.8136,0.6792,0.5919,-5.7066,0.0891,2.8054,0.1802
164.4131,255.9604,138.6482,0.015,0.0002,0.0075,0.0109,0.0109,0.1009,0.2123,0.0354,0.0077,0.0913,0.0223,0.0742,18.8836,0.6197,0.799,-4.6575,0.3478,1.8388,0.3537
106.9216,412.4165,82.2018,0.0285,0.0,0.0195,0.001,0.0583,0.0284,0.6651,0.0511,0.0097,0.0751,0.1632,0.0105,12.6044,0.3279,0.7597,-5.2364,0.134,2.6789,0.2238
130.9151,200.85,108.2131,0.0021,0.0002,0.0014,0.0153,0.0285,0.0911,0.9859,0.0548,0.0257,0.0292,0.1466,0.2105,20.9143,0.5753,0.8022,-5.5677,0.1743,2.4721,0.2125
116.8766,125.6034,177.5926,0.0266,0.0001,0.0027,0.0087,0.0567,0.023,0.4936,0.0197,0.0676,0.0973,0.0422,0.1994,21.5578,0.5376,0.7275,-5.1963,0.4433,2.4566,0.2171
120.4056,310.6301,175.1132,0.0229,0.0001,0.0136,0.0038,0.0302,0.0793,0.4037,0.0166,0.0451,0.0898,0.0416,0.1415,21.0765,0.6616,0.7991,-4.0367,0.325,2.1168,0.1275
223.2774,531.5727,72.1585,0.0172,0.0002,0.0124,0.0024,0.0276,0.0946,1.0853,0.0554,0.0574,0.0957,0.1143,0.1198,19.1958,0.5832,0.7429,-3.3675,0.3447,2.8474,0.1385
184.4748,458.5109,92.9004,0.0096,0.0001,0.0144,0.0037,0.0049,0.0499,0.3128,0.0161,0.0429,0.077,0.1087,0.2927,24.8326,0.2844,0.6793,-5.3626,0.14,2.4798,0.1206
182.4921,482.7324,196.4519,0.0148,0.0002,0.0151,0.0131,0.0112,0.0819,1.1333,0.0362,0.0467,0.1257,0.0786,0.0936,26.5554,0.2808,0.7644,-4.6913,0.4487,3.4085,0.1316
133.3164,491.241,109.932,0.0253,0.0001,0.0056,0.0128,0.0482,0.1096,1.1468,0.0062,0.0431,0.0682,0.0795,0.0937,28.0635,0.2876,0.7261,-4.4871,0.3646,2.6874,0.2772
222.8705,377.6507,76.2147,0.0292,0.0002,0.0069,0.0084,0.0472,0.1036,0.3687,0.0188,0.0347,0.1184,0.0462,0.036,29.4297,0.4404,0.6992,-5.8128,0.2257,3.4301,0.2378
89.3166,294.5647,154.4556,0.02,0.0001,0.0137,0.0107,0.0107,0.0769,0.1842,0.0433,0.0694,0.1209,0.1557,0.0502,25.4257,0.48,0.7925,-5.606,0.2887,1.8453,0.1325
102.03,366.2348,181.0107,0.0285,0.0002,0.0199,0.0058,0.0513,0.0805,0.8798,0.0455,0.0243,0.0897,0.0263,0.1783,17.7276,0.5461,0.7009,-4.6503,0.2452,2.362,0.2838
189.1195,128.0842,139.0787,0.0106,0.0,0.014,0.0181,0.0513,0.1049,0.5264,0.0191,0.0561,0.0813,0.1542,0.155,22.9071,0.5162,0.8208,-3.5308,0.2758,1.9259,0.2077
200.4365,524.0071,185.5798,0.0114,0.0003,0.019,0.0145,0.0246,0.0909,1.0688,0.0328,0.0296,0.1105,0.1265,0.3006,15.6398,0.5517,0.8211,-4.5326,0.2251,1.7905,0.1632
196.5033,218.7682,158.6381,0.0138,0.0001,0.0152,0.0094,0.0427,0.0243,1.2381,0.0363,0.0311,0.082,0.1491,0.0105,26.8494,0.3006,0.743,-3.7061,0.3117,3.358,0.2848
203.7032,290.3754,132.8614,0.0226,0.0001,0.0008,0.0049,0.0311,0.0292,0.2625,0.023,0.0212,0.1369,0.1523,0.1712,23.6894,0.3058,0.5908,-6.912,0.1789,2.3033,0.1725
114.812,490.496,169.7575,0.0197,0.0001,0.0105,0.0121,0.0433,0.0788,1.0574,0.0238,0.0725,0.0368,0.1428,0.1592,19.2394,0.2845,0.743,-3.2444,0.4058,1.796,0.2077
115.2852,249.7827,123.0998,0.0025,0.0002,0.0157,0.0104,0.0444,0.1074,0.3177,0.0122,0.03,0.081,0.0654,0.0687,11.6709,0.5181,0.6511,-5.0608,0.0777,3.3665,0.1855
119.6452,125.7453,191.2146,0.0277,0.0,0.01,0.0021,0.0334,0.0405,0.4818,0.0277,0.0656,0.1131,0.0785,0.0448,11.6671,0.4744,0.6148,-3.4289,0.1645,2.3634,0.5269
211.3665,224.1018,184.3386,0.0154,0.0002,0.0115,0.0111,0.0299,0.0517,0.9819,0.0217,0.0197,0.0993,0.0297,0.167,25.4098,0.5283,0.7606,-3.8566,0.1343,2.4973,0.0936
188.4653,356.4123,103.7549,0.0238,0.0001,0.0187,0.0184,0.0148,0.0309,0.9345,0.0272,0.0645,0.0181,0.1199,0.2735,20.1487,0.3634,0.7805,-2.9159,0.2367,2.1037,0.103
203.5472,266.1049,158.4807,0.0246,0.0002,0.017,0.0132,0.0361,0.0951,0.9098,0.0339,0.0595,0.1268,0.1491,0.0609,23.2183,0.4058,0.6019,-2.833,0.0927,2.9358,0.4156
126.3852,151.9172,67.2536,0.0154,0.0002,0.0097,0.006,0.0586,0.0943,0.2377,0.0353,0.053,0.068,0.049,0.1538,17.0133,0.373,0.8222,-4.3178,0.2672,3.0309,0.4531
212.6611,457.2337,162.661,0.0182,0.0001,0.0082,0.0172,0.0074,0.114,0.4844,0.0182,0.0225,0.1227,0.0183,0.3132,29.9229,0.3493,0.7342,-6.644,0.2083,2.2774,0.1931
169.7526,105.1107,183.9081,0.0055,0.0001,0.0022,0.0105,0.0409,0.0834,0.5633,0.0309,0.052,0.0195,0.0664,0.1572,8.9025,0.4128,0.7666,-4.8933,0.4165,2.0612,0.3685
134.5495,340.5803,94.2509,0.0065,0.0002,0.0046,0.0167,0.0418,0.0404,0.4665,0.0387,0.0403,0.0332,0.0151,0.2305,24.2072,0.6327,0.6303,-6.995,0.1409,3.4303,0.1583
164.9216,388.3807,171.1254,0.0159,0.0001,0.021,0.0017,0.0232,0.0839,0.5703,0.0291,0.0389,0.1243,0.1496,0.2231,15.5169,0.5834,0.8253,-2.9251,0.297,3.1214,0.4399
213.0874,162.2342,161.1803,0.0114,0.0001,0.0152,0.0045,0.0246,0.043,0.8681,0.0068,0.0762,0.0832,0.0851,0.0742,22.0136,0.5843,0.7299,-7.0286,0.4249,3.1412,0.1148
187.6833,458.4033,105.7033,0.005,0.0003,0.0021,0.0154,0.0634,0.1075,1.0546,0.018,0.0106,0.0779,0.0848,0.231,24.7868,0.5488,0.7413,-4.1924,0.2429,3.0402,0.493
175.153,299.2771,153.4615,0.0234,0.0,0.0053,0.0156,0.0551,0.0879,1.0908,0.007,0.0336,0.1153,0.0366,0.2675,11.887,0.6017,0.7798,-6.127,0.2214,2.2977,0.2721
128.5218,390.0373,173.1934,0.0105,0.0001,0.0104,0.0082,0.0189,0.0601,0.3349,0.0243,0.0287,0.0702,0.1634,0.0546,17.6614,0.4787,0.6658,-5.1915,0.3228,3.3597,0.2961
178.3848,120.3992,81.7103,0.0309,0.0001,0.0042,0.0126,0.0475,0.05,0.9999,0.0312,0.0222,0.0369,0.158,0.0742,9.9744,0.4645,0.6194,-6.5253,0.3634,2.3451,0.5056
145.3589,551.3618,153.6032,0.005,0.0,0.0191,0.0098,0.0436,0.0674,0.8144,0.0485,0.0157,0.0923,0.0762,0.2371,15.3917,0.296,0.7883,-3.0564,0.2547,3.5526,0.4304
94.9219,473.7159,95.9993,0.0043,0.0001,0.0051,0.0043,0.0643,0.0583,1.152,0.0485,0.0661,0.1316,0.0218,0.0618,25.2859,0.3285,0.7935,-5.6651,0.4118,1.7968,0.1725
171.9975,281.1178,105.6194,0.0066,0.0002,0.0112,0.0125,0.0393,0.0909,0.7816,0.0128,0.07,0.0259,0.1267,0.2087,9.9199,0.4791,0.7337,-6.6759,0.3454,3.2323,0.3308
209.5653,199.1325,130.5117,0.008,0.0,0.0081,0.0159,0.0439,0.1057,0.7301,0.0188,0.0675,0.0865,0.0457,0.2228,26.4457,0.2729,0.7275,-2.4462,0.3411,2.8249,0.135
148.879,255.2051,184.5901,0.0173,0.0001,0.0205,0.0027,0.0575,0.1055,0.1265,0.0524,0.0152,0.1215,0.0277,0.2312,9.3058,0.503,0.6727,-3.1673,0.4318,3.581,0.1322
199.8565,542.8123,71.7757,0.0086,0.0001,0.0076,0.0154,0.0626,0.0528,0.6243,0.0376,0.0138,0.0268,0.0456,0.0857,13.0116,0.3008,0.768,-3.7256,0.3146,3.4591,0.1727
113.9204,156.249,197.4959,0.0297,0.0002,0.0053,0.0146,0.0444,0.0349,0.8966,0.0539,0.0378,0.1295,0.0996,0.1388,10.9702,0.5383,0.8243,-5.4163,0.3653,1.7898,0.4543
214.07,394.6876,88.8706,0.007,0.0002,0.0046,0.0021,0.0057,0.0881,1.1509,0.0184,0.0213,0.0927,0.1212,0.1533,17.882,0.3226,0.8179,-2.7517,0.2451,2.8223,0.1005
177.5376,410.6306,193.0217,0.0119,0.0001,0.0153,0.015,0.0379,0.0599,0.2338,0.027,0.0136,0.0945,0.0441,0.1557,10.1751,0.5239,0.7863,-5.5427,0.1471,2.846,0.4798
195.0889,426.1016,168.1241,0.0209,0.0002,0.0016,0.0111,0.0352,0.0586,0.9174,0.0079,0.0516,0.0142,0.0395,0.1528,22.4958,0.6785,0.7271,-5.8157,0.3309,1.8466,0.365
138.979,373.7633,178.7903,0.028,0.0001,0.011,0.0159,0.014,0.0276,0.9275,0.0182,0.0746,0.0301,0.0339,0.2864,29.6086,0.6013,0.5992,-5.1915,0.2535,2.9363,0.4284
199.6499,163.7381,111.8851,0.0233,0.0001,0.0116,0.0032,0.0277,0.0644,0.3578,0.035,0.0192,0.0248,0.1467,0.2026,27.3231,0.4016,0.7746,-6.7321,0.1143,2.73,0.2986
117.8914,452.3493,103.8785,0.0027,0.0001,0.001,0.0074,0.0468,0.1146,0.9494,0.0059,0.0319,0.0359,0.0958,0.1556,9.3642,0.5388,0.683,-6.509,0.0975,2.1281,0.2037
194.5601,493.9297,116.9929,0.0244,0.0001,0.0101,0.0155,0.0227,0.0705,0.9607,0.0299,0.0732,0.075,0.0863,0.0928,10.8053,0.4895,0.7528,-5.1734,0.3374,3.2616,0.164
168.5134,147.0215,128.9683,0.0272,0.0002,0.0094,0.0095,0.0613,0.0302,1.1838,0.0075,0.0619,0.0198,0.0834,0.0539,28.5866,0.4475,0.6848,-3.6925,0.4293,3.3459,0.4484
100.8212,409.3353,163.4757,0.0154,0.0002,0.0078,0.0143,0.0448,0.0487,0.3975,0.0301,0.0266,0.011,0.1323,0.2163,22.0532,0.3487,0.6919,-2.975,0.3296,3.562,0.3343
202.8806,359.2729,108.3245,0.0154,0.0002,0.0166,0.0055,0.0318,0.0525,0.2213,0.0563,0.0291,0.0686,0.0164,0.2185,13.5117,0.369,0.8156,-4.7803,0.2635,3.4527,0.2402
118.8036,162.727,167.9456,0.0282,0.0,0.021,0.0081,0.0607,0.0615,1.0614,0.0355,0.0211,0.1124,0.0819,0.2534,17.4514,0.4348,0.7141,-4.5212,0.3797,2.0331,0.4405
182.754,442.8935,93.3958,0.0233,0.0001,0.0105,0.0163,0.0406,0.0975,1.0021,0.0422,0.0212,0.1277,0.0277,0.2484,25.7181,0.5752,0.585,-5.0793,0.0983,2.7411,0.1492
181.3513,242.8436,198.4437,0.0234,0.0001,0.0205,0.0149,0.0221,0.0324,0.3749,0.0197,0.075,0.1219,0.1301,0.1729,24.7861,0.3318,0.5763,-2.7217,0.1039,2.1148,0.4733
97.635,125.2706,99.352,0.006,0.0001,0.0055,0.0044,0.0359,0.1172,0.4352,0.0422,0.0228,0.126,0.1559,0.2934,19.0019,0.4384,0.7849,-4.0755,0.1187,1.7663,0.5054
217.3829,555.8344,197.6017,0.0105,0.0002,0.0033,0.0027,0.0378,0.0573,0.1668,0.056,0.0509,0.0215,0.0468,0.1113,28.8294,0.5872,0.7825,-5.5122,0.4225,2.694,0.2531
219.6657,569.0421,165.1579,0.0239,0.0,0.0033,0.002,0.0169,0.0967,0.9329,0.0424,0.0615,0.022,0.0738,0.0573,10.3796,0.3662,0.7343,-6.1998,0.163,2.0616,0.3352
102.8246,500.8477,77.9343,0.0308,0.0002,0.0087,0.0062,0.0389,0.0969,0.1195,0.0156,0.0663,0.1132,0.0692,0.2996,29.6723,0.4679,0.6494,-4.9231,0.0718,2.8224,0.4614
175.1038,580.129,111.158,0.0055,0.0001,0.0119,0.0029,0.0475,0.0907,1.135,0.0073,0.0243,0.0865,0.1381,0.0219,20.0678,0.3101,0.7579,-5.5149,0.1805,2.3367,0.1543
106.6888,457.415,149.4837,0.0266,0.0002,0.0211,0.0028,0.0182,0.0912,0.3987,0.0466,0.0517,0.0589,0.0194,0.048,27.7583,0.61,0.6344,-3.2213,0.092,2.4286,0.1132
135.6738,426.2871,71.957,0.0158,0.0,0.0075,0.0162,0.0559,0.0483,0.5664,0.0368,0.0434,0.0987,0.169,0.1216,21.5572,0.567,0.5996,-5.2934,0.3937,2.5507,0.4122
124.545,582.0982,137.0308,0.0197,0.0002,0.0085,0.016,0.0146,0.1035,0.683,0.0292,0.0359,0.0393,0.0482,0.2708,18.5717,0.6128,0.8078,-5.9613,0.1493,1.8844,0.1974
180.5461,128.7719,123.0457,0.0236,0.0001,0.0133,0.0103,0.0549,0.0711,0.4558,0.0446,0.0709,0.0197,0.0245,0.2612,11.6304,0.6554,0.7635,-5.5015,0.1437,2.9137,0.3522
165.4817,243.8922,65.9752,0.0053,0.0001,0.0161,0.0189,0.0547,0.0743,0.6839,0.0353,0.0364,0.0627,0.0916,0.1972,20.2176,0.3205,0.8252,-2.5642,0.1536,2.6352,0.2674
174.6921,412.6274,187.7838,0.0022,0.0001,0.0152,0.0046,0.0071,0.0853,1.2439,0.0392,0.0565,0.1108,0.0466,0.2316,29.5615,0.4662,0.7635,-5.3117,0.4308,3.5637,0.3709
125.1384,218.8035,77.9123,0.0288,0.0,0.0031,0.0054,0.0123,0.014,0.8871,0.0284,0.0115,0.0112,0.1427,0.1819,8.8504,0.4293,0.6012,-3.9463,0.1912,3.6303,0.3834
143.7692,184.6297,86.6064,0.0317,0.0001,0.0009,0.0027,0.0063,0.0707,0.9732,0.0262,0.029,0.0362,0.0328,0.0734,15.3921,0.5381,0.6818,-6.8013,0.1245,2.9867,0.1939
89.8469,159.7151,125.9099,0.0199,0.0,0.0044,0.0176,0.004,0.0576,0.5308,0.0357,0.0567,0.0148,0.0577,0.1818,28.2081,0.3091,0.5829,-5.0663,0.2184,3.3354,0.3695
133.8754,577.1772,121.8687,0.0224,0.0,0.0108,0.0188,0.0218,0.1023,0.6123,0.0303,0.0349,0.1366,0.0205,0.0429,16.6977,0.4878,0.7876,-5.1075,0.3461,3.0392,0.4775
102.2015,470.717,115.6608,0.0272,0.0002,0.0205,0.0143,0.0233,0.0244,0.323,0.011,0.0449,0.108,0.0714,0.1318,29.8879,0.4437,0.6034,-5.5598,0.3453,1.8073,0.2926
168.416,167.7647,187.3834,0.0291,0.0001,0.0152,0.0164,0.0474,0.0645,0.7068,0.0353,0.0083,0.0198,0.0337,0.0739,28.8896,0.4257,0.7987,-5.7354,0.3957,3.2056,0.4395
163.5875,575.9642,169.7584,0.0251,0.0001,0.0193,0.0037,0.0596,0.019,0.6742,0.0053,0.0565,0.0836,0.1181,0.2422,23.3936,0.4357,0.6326,-3.8144,0.238,2.159,0.4474
154.032,512.2976,105.8543,0.0217,0.0002,0.0049,0.0174,0.0475,0.0288,0.9998,0.0196,0.0117,0.0502,0.1443,0.1013,21.2244,0.2668,0.7795,-5.5545,0.0967,2.1968,0.2755
143.1328,212.9911,133.7963,0.003,0.0002,0.0122,0.0056,0.0612,0.117,0.464,0.0183,0.0584,0.0173,0.1126,0.2553,9.0724,0.3394,0.6917,-6.0779,0.2957,3.2362,0.4299
213.7256,261.3197,109.7342,0.0316,0.0002,0.0062,0.0162,0.0072,0.0544,0.2253,0.0286,0.0345,0.0431,0.1226,0.144,17.5035,0.4734,0.7431,-3.9991,0.0719,3.1587,0.4725
91.4718,274.0292,139.1345,0.0224,0.0001,0.0121,0.0014,0.0287,0.0458,1.0856,0.0211,0.0598,0.1276,0.0937,0.1921,15.317,0.6514,0.6453,-5.8255,0.4046,1.8063,0.3875
137.8315,488.328,181.1449,0.008,0.0002,0.0064,0.0092,0.0623,0.0679,0.7551,0.0461,0.019,0.0256,0.1236,0.1399,15.3159,0.5723,0.6857,-5.124,0.286,2.7637,0.2926
221.4333,224.8599,173.1176,0.0237,0.0001,0.0106,0.0138,0.0094,0.0868,0.9541,0.0332,0.0099,0.0172,0.1374,0.258,29.7139,0.4714,0.6819,-5.6014,0.2005,2.169,0.3914
199.4951,432.1301,66.6878,0.0031,0.0002,0.0209,0.006,0.0057,0.0861,0.9758,0.0061,0.0173,0.1087,0.0373,0.2466,26.8265,0.5944,0.7636,-7.0785,0.2626,3.076,0.4549
139.97,323.9245,135.4892,0.0243,0.0003,0.012,0.0023,0.0084,0.0525,0.3595,0.0525,0.0062,0.0564,0.1685,0.109,9.0884,0.3843,0.6954,-6.8496,0.2629,1.7881,0.2264
203.3022,202.7855,80.8591,0.0168,0.0001,0.0119,0.0026,0.0149,0.1071,0.4398,0.0357,0.0069,0.0481,0.1397,0.2978,19.6018,0.6622,0.6875,-5.3454,0.4247,2.4984,0.2292
109.6084,417.9381,167.6116,0.0217,0.0,0.0088,0.0091,0.0526,0.073,0.4178,0.0369,0.0733,0.1224,0.0156,0.2696,12.5894,0.2762,0.7472,-6.1932,0.1656,3.4717,0.1892
159.4358,132.8378,104.0118,0.0238,0.0001,0.0134,0.0136,0.0104,0.0834,0.2037,0.0309,0.0161,0.0539,0.0817,0.1399,9.424,0.5279,0.716,-6.5034,0.3804,3.1334,0.4805
203.0424,360.5918,82.3675,0.0202,0.0002,0.0062,0.0166,0.0565,0.0454,1.2382,0.0083,0.0697,0.0232,0.0903,0.0515,24.904,0.4288,0.8119,-6.9043,0.2016,3.2528,0.2094
110.4407,408.6683,89.5573,0.0102,0.0003,0.0095,0.0153,0.0533,0.044,0.4842,0.0497,0.0517,0.0906,0.0974,0.2986,24.9422,0.3625,0.7945,-2.7194,0.3626,2.5042,0.5027
103.1481,235.5789,117.7977,0.0041,0.0002,0.0163,0.0107,0.0325,0.0202,0.664,0.0206,0.0453,0.1247,0.163,0.1615,27.6812,0.5717,0.6394,-6.1631,0.2584,2.7409,0.2412
196.8638,544.0187,177.9641,0.0049,0.0003,0.0196,0.0072,0.06,0.1075,0.1725,0.0062,0.0306,0.1117,0.0347,0.0324,29.8195,0.3097,0.7169,-5.0548,0.2448,2.9139,0.325
92.917,405.6319,161.4287,0.0278,0.0001,0.021,0.0033,0.0245,0.0513,0.7695,0.0467,0.0244,0.1356,0.1651,0.1377,25.7887,0.443,0.625,-5.4243,0.2262,3.2912,0.3234
130.8934,358.5016,112.4779,0.0165,0.0,0.0032,0.0133,0.0147,0.1174,1.056,0.0558,0.0189,0.0806,0.1611,0.1396,16.9563,0.3978,0.6533,-5.1061,0.3503,2.6814,0.107
176.0117,121.8723,187.2369,0.0019,0.0001,0.0065,0.0145,0.0563,0.1096,0.3433,0.0189,0.0461,0.0514,0.119,0.0309,18.5004,0.539,0.6857,-4.0875,0.4255,1.7829,0.2022
94.2619,359.7174,81.5309,0.0054,0.0002,0.014,0.0167,0.0628,0.1099,0.5889,0.0539,0.0506,0.0895,0.1028,0.11,16.3631,0.5487,0.6932,-6.5433,0.1308,2.6684,0.2942
213.0673,316.9897,179.077,0.0068,0.0001,0.0097,0.0062,0.0218,0.0691,0.6997,0.0471,0.0525,0.0132,0.1048,0.0926,26.7412,0.4668,0.6315,-5.4331,0.1553,2.1044,0.1148
170.1956,342.9988,108.1951,0.016,0.0002,0.0071,0.0037,0.0473,0.0187,0.6671,0.0136,0.0094,0.0749,0.1304,0.0382,14.6626,0.3458,0.6963,-5.0313,0.1409,3.3594,0.1413
201.318,308.0755,156.4114,0.0082,0.0001,0.0173,0.0015,0.0554,0.0562,0.6609,0.0166,0.0104,0.0095,0.1322,0.1583,25.4618,0.5147,0.6142,-4.8044,0.1531,2.7074,0.4148
215.7313,384.7879,130.8438,0.019,0.0,0.0014,0.0177,0.0604,0.0366,1.0475,0.0207,0.0509,0.0367,0.0316,0.2206,10.6483,0.3513,0.7675,-5.5322,0.1326,2.0492,0.2898
120.9715,223.74,169.2387,0.0047,0.0001,0.0123,0.0156,0.0231,0.1079,0.1411,0.0261,0.0754,0.0457,0.1627,0.2598,11.448,0.4675,0.5975,-5.0975,0.3014,2.3028,0.3712
97.3087,377.735,146.8148,0.0146,0.0,0.0119,0.0158,0.0553,0.084,0.5775,0.0304,0.0464,0.0122,0.1033,0.0094,28.2247,0.3129,0.7866,-4.8216,0.3576,2.4413,0.2605
91.2924,565.0992,167.7987,0.0124,0.0,0.0059,0.0061,0.0227,0.0611,0.25,0.0078,0.068,0.0271,0.1155,0.1145,22.7833,0.4181,0.6121,-4.924,0.125,3.492,0.1654
194.7144,523.2594,76.7028,0.0306,0.0003,0.0041,0.0115,0.0191,0.0669,1.0129,0.0339,0.0632,0.1213,0.0367,0.2643,17.4578,0.2814,0.6228,-6.2727,0.2069,2.537,0.1716
121.9927,208.9645,140.9423,0.0023,0.0001,0.0063,0.0042,0.0298,0.0483,0.4123,0.0213,0.0735,0.0634,0.1436,0.2769,11.6979,0.534,0.642,-4.3661,0.1749,3.4807,0.3721
111.1197,221.6964,78.4124,0.0063,0.0002,0.0143,0.008,0.0319,0.0364,0.6765,0.0059,0.0176,0.1223,0.1446,0.2019,24.8104,0.4521,0.6242,-6.7287,0.1284,2.8645,0.1785
144.3984,474.5201,82.7181,0.0291,0.0002,0.0065,0.0114,0.0127,0.0278,1.1406,0.0298,0.077,0.0223,0.0976,0.1958,26.6315,0.3732,0.725,-3.1578,0.0686,3.1166,0.4274
186.3955,482.7046,129.968,0.0328,0.0001,0.0082,0.004,0.0143,0.1105,0.0973,0.0546,0.046,0.0377,0.1182,0.1311,25.4789,0.3731,0.6957,-3.815,0.1325,1.8301,0.2246
142.3608,439.5528,94.1458,0.0183,0.0001,0.018,0.0191,0.0582,0.0902,1.2566,0.0494,0.0379,0.0631,0.0738,0.2819,17.796,0.3226,0.7756,-3.1979,0.2217,1.9103,0.2923
95.006,143.0445,112.0966,0.02,0.0001,0.0035,0.0174,0.0521,0.05,0.9145,0.0541,0.0428,0.1164,0.0289,0.122,19.2283,0.284,0.6602,-3.7696,0.2405,3.2282,0.2547
177.0882,548.0675,128.3243,0.0216,0.0001,0.018,0.009,0.0364,0.0775,0.4039,0.0384,0.0295,0.0273,0.074,0.0607,13.5177,0.6659,0.651,-2.5408,0.309,2.1627,0.3621
208.6132,472.3359,156.9599,0.0318,0.0,0.0095,0.0041,0.0548,0.0627,0.3519,0.038,0.0578,0.0642,0.1317,0.1151,26.6829,0.3979,0.6215,-5.7531,0.3852,3.4043,0.2134
204.4247,399.3535,131.6144,0.0172,0.0,0.0024,0.0061,0.0259,0.0118,0.7967,0.0451,0.0564,0.0591,0.1692,0.1897,24.9741,0.4768,0.7567,-2.9097,0.122,3.0521,0.3271
94.4798,134.7278,186.8947,0.0173,0.0003,0.0115,0.0118,0.0308,0.0575,0.1074,0.0378,0.0198,0.0148,0.1458,0.2197,12.9985,0.398,0.8094,-2.8865,0.0899,3.2462,0.3643
202.8111,435.4834,126.012,0.0238,0.0003,0.001,0.0067,0.0429,0.0234,0.3574,0.0506,0.06,0.0359,0.1462,0.1392,13.4872,0.5908,0.7768,-6.7214,0.3041,3.6082,0.2401
115.9316,322.5739,71.538,0.0076,0.0002,0.0113,0.0112,0.0427,0.0753,0.8404,0.0381,0.0064,0.0756,0.0747,0.2723,9.0403,0.658,0.6087,-3.3273,0.3518,3.2386,0.1723
207.4217,496.5623,84.8872,0.0195,0.0001,0.014,0.0109,0.06,0.048,0.0918,0.0205,0.0183,0.034,0.0359,0.2692,15.6492,0.6162,0.5999,-3.2754,0.1376,3.5248,0.119
95.6995,258.8217,161.0397,0.0322,0.0002,0.0172,0.0028,0.0302,0.1146,0.7537,0.044,0.0489,0.0343,0.1602,0.2638,24.8155,0.4481,0.7504,-3.1977,0.1646,2.4059,0.1156
132.4004,204.7506,157.0225,0.0134,0.0003,0.0087,0.0045,0.0364,0.033,0.7286,0.0359,0.0092,0.1368,0.1241,0.1922,11.2919,0.4295,0.6003,-2.7565,0.3372,2.3328,0.4153
211.9119,434.1524,125.4477,0.0109,0.0003,0.0021,0.0058,0.0254,0.0415,1.0209,0.0266,0.0409,0.0972,0.0408,0.198,27.3105,0.5083,0.6584,-2.8148,0.1953,1.9691,0.483
126.5812,151.2733,156.3853,0.008,0.0,0.0146,0.0025,0.016,0.0262,1.2914,0.018,0.0059,0.0975,0.1109,0.0668,18.545,0.6812,0.634,-6.706,0.2272,3.2855,0.2371
208.481,342.7631,157.1095,0.0329,0.0001,0.0059,0.0051,0.0452,0.1059,1.1572,0.0308,0.0621,0.0814,0.0731,0.0394,20.1785,0.6274,0.7554,-7.0181,0.1658,2.1766,0.4154
108.8883,374.0469,76.5047,0.0048,0.0002,0.0197,0.0105,0.0258,0.1132,0.2829,0.0076,0.0208,0.0604,0.0607,0.0614,20.6971,0.4544,0.6697,-3.9558,0.3145,2.369,0.2033
99.3459,480.7486,91.6437,0.0312,0.0001,0.0028,0.0111,0.0584,0.0364,0.5091,0.0332,0.0772,0.105,0.1195,0.2323,21.4629,0.4063,0.604,-3.5259,0.124,3.5198,0.294
204.1659,415.3931,198.2754,0.0192,0.0001,0.007,0.0144,0.028,0.0159,1.2435,0.0151,0.0321,0.096,0.0795,0.2364,14.896,0.597,0.6499,-4.3309,0.1529,2.5768,0.3209
186.0167,125.1805,162.7635,0.0192,0.0002,0.0117,0.0027,0.0394,0.0956,1.0162,0.0056,0.0793,0.1086,0.1447,0.0907,19.2749,0.406,0.6657,-6.2835,0.4349,1.8051,0.3671
160.5653,221.3591,196.8951,0.0115,0.0002,0.002,0.0114,0.0483,0.1114,0.5431,0.0057,0.0072,0.0914,0.0523,0.156,12.9249,0.4774,0.7597,-4.9967,0.116,2.3907,0.2962
178.0445,162.3865,71.1348,0.0024,0.0001,0.003,0.0173,0.0497,0.0951,0.5112,0.0306,0.0581,0.0942,0.0676,0.1462,23.4114,0.4997,0.7625,-6.2533,0.3735,2.8004,0.4158
93.7592,290.4132,65.6078,0.0112,0.0002,0.0188,0.0045,0.0226,0.0914,0.4803,0.0114,0.0553,0.0545,0.1038,0.0855,17.5326,0.538,0.6124,-3.6068,0.1509,2.4067,0.309
199.8335,137.3325,182.3696,0.0272,0.0002,0.0175,0.0072,0.0336,0.1189,0.4946,0.0174,0.0498,0.0422,0.139,0.1553,13.0171,0.4204,0.7177,-3.9721,0.2885,2.0262,0.1271
190.5319,580.2351,120.2313,0.0244,0.0,0.0018,0.0131,0.0536,0.1068,0.7185,0.0142,0.0699,0.0777,0.0738,0.0879,16.6235,0.4518,0.8126,-2.9089,0.248,3.0978,0.1566
193.1852,341.5289,191.7455,0.0025,0.0,0.0018,0.019,0.0448,0.0287,1.2309,0.0228,0.0499,0.1173,0.1124,0.2631,21.4539,0.2954,0.6383,-6.5178,0.2587,3.4887,0.4748
124.5766,309.95,116.824,0.0054,0.0002,0.0017,0.0165,0.0175,0.0277,1.2301,0.0215,0.0598,0.0465,0.1294,0.1941,10.3176,0.268,0.5843,-5.6098,0.346,3.6444,0.2581
119.8707,277.3359,131.8046,0.0099,0.0001,0.0026,0.0128,0.0247,0.0309,0.1431,0.047,0.076,0.1029,0.085,0.0636,15.2674,0.5302,0.806,-5.1413,0.3733,3.0514,0.4509
178.6136,402.4818,137.9156,0.0144,0.0,0.0145,0.0107,0.0627,0.0901,0.5469,0.0269,0.0631,0.0658,0.0867,0.0181,20.7934,0.5901,0.8157,-2.5347,0.3006,2.2197,0.3354
166.129,496.5044,70.0274,0.0311,0.0,0.0196,0.0097,0.0512,0.0757,0.1266,0.042,0.0529,0.0252,0.1381,0.1384,15.0142,0.456,0.6055,-2.8512,0.0703,2.5436,0.4334
